-- phpMyAdmin SQL Dump
-- version 5.2.1
-- https://www.phpmyadmin.net/
--
-- Host: 127.0.0.1
-- Generation Time: Aug 12, 2024 at 04:54 AM
-- Server version: 8.0.34
-- PHP Version: 8.2.4

SET SQL_MODE = "NO_AUTO_VALUE_ON_ZERO";
START TRANSACTION;
SET time_zone = "+00:00";


/*!40101 SET @OLD_CHARACTER_SET_CLIENT=@@CHARACTER_SET_CLIENT */;
/*!40101 SET @OLD_CHARACTER_SET_RESULTS=@@CHARACTER_SET_RESULTS */;
/*!40101 SET @OLD_COLLATION_CONNECTION=@@COLLATION_CONNECTION */;
/*!40101 SET NAMES utf8mb4 */;

--
-- Database: `fyp`
--

-- --------------------------------------------------------

--
-- Table structure for table `auth_assignment`
--

CREATE TABLE `auth_assignment` (
  `item_name` varchar(64) CHARACTER SET utf8mb3 COLLATE utf8mb3_unicode_ci NOT NULL,
  `user_id` varchar(64) CHARACTER SET utf8mb3 COLLATE utf8mb3_unicode_ci NOT NULL,
  `created_at` int DEFAULT NULL
) ENGINE=InnoDB DEFAULT CHARSET=utf8mb3 COLLATE=utf8mb3_unicode_ci;

--
-- Dumping data for table `auth_assignment`
--

INSERT INTO `auth_assignment` (`item_name`, `user_id`, `created_at`) VALUES
('admin', '30', 1712504189),
('med_staff', '32', 1712509672),
('med_staff', '55', 1712834403),
('med_staff', '56', 1712835449),
('med_staff', '62', 1721894540),
('med_staff', '63', 1721894613),
('med_staff', '65', 1721895024),
('med_staff', '66', 1721895196),
('med_staff', '68', 1722275831),
('med_staff', '70', 1722401457),
('med_staff', '72', 1722401807),
('med_staff', '74', 1723182391),
('patient', '33', 1712504307),
('patient', '34', 1712563006),
('patient', '35', 1712647394),
('patient', '36', 1712813471),
('patient', '43', 1712823567),
('patient', '45', 1712824035),
('patient', '46', 1712826226),
('patient', '47', 1712826543),
('patient', '50', 1712830114),
('patient', '57', 1714060683),
('patient', '58', 1714060784),
('patient', '59', 1720627350),
('patient', '60', 1720627589),
('patient', '67', 1722274322),
('patient', '69', 1722401284),
('patient', '71', 1722401677),
('patient', '73', 1723181411);

-- --------------------------------------------------------

--
-- Table structure for table `auth_item`
--

CREATE TABLE `auth_item` (
  `name` varchar(64) CHARACTER SET utf8mb3 COLLATE utf8mb3_unicode_ci NOT NULL,
  `type` smallint NOT NULL,
  `description` text CHARACTER SET utf8mb3 COLLATE utf8mb3_unicode_ci,
  `rule_name` varchar(64) CHARACTER SET utf8mb3 COLLATE utf8mb3_unicode_ci DEFAULT NULL,
  `data` blob,
  `created_at` timestamp NULL DEFAULT CURRENT_TIMESTAMP,
  `updated_at` timestamp NULL DEFAULT NULL
) ENGINE=InnoDB DEFAULT CHARSET=utf8mb3 COLLATE=utf8mb3_unicode_ci;

--
-- Dumping data for table `auth_item`
--

INSERT INTO `auth_item` (`name`, `type`, `description`, `rule_name`, `data`, `created_at`, `updated_at`) VALUES
('admin', 1, 'Admin', NULL, NULL, '2024-04-07 05:00:37', NULL),
('med_staff', 1, 'Medical Staff', NULL, NULL, '2024-04-07 17:07:18', NULL),
('patient', 1, 'Patient', NULL, NULL, '2024-04-07 05:01:21', NULL);

-- --------------------------------------------------------

--
-- Table structure for table `auth_item_child`
--

CREATE TABLE `auth_item_child` (
  `parent` varchar(64) CHARACTER SET utf8mb3 COLLATE utf8mb3_unicode_ci NOT NULL,
  `child` varchar(64) CHARACTER SET utf8mb3 COLLATE utf8mb3_unicode_ci NOT NULL
) ENGINE=InnoDB DEFAULT CHARSET=utf8mb3 COLLATE=utf8mb3_unicode_ci;

-- --------------------------------------------------------

--
-- Table structure for table `auth_rule`
--

CREATE TABLE `auth_rule` (
  `name` varchar(64) CHARACTER SET utf8mb3 COLLATE utf8mb3_unicode_ci NOT NULL,
  `data` blob,
  `created_at` int DEFAULT NULL,
  `updated_at` int DEFAULT NULL
) ENGINE=InnoDB DEFAULT CHARSET=utf8mb3 COLLATE=utf8mb3_unicode_ci;

-- --------------------------------------------------------

--
-- Table structure for table `health_records`
--

CREATE TABLE `health_records` (
  `health_record_id` int NOT NULL,
  `user_id` int NOT NULL,
  `heart_rate` varchar(255) NOT NULL,
  `spo2` varchar(255) NOT NULL,
  `ecg` varchar(255) NOT NULL,
  `remark` varchar(255) DEFAULT NULL,
  `created_at` timestamp NOT NULL DEFAULT CURRENT_TIMESTAMP,
  `updated_at` timestamp NULL DEFAULT NULL ON UPDATE CURRENT_TIMESTAMP,
  `is_delete` tinyint DEFAULT '0'
) ENGINE=InnoDB DEFAULT CHARSET=utf8mb4 COLLATE=utf8mb4_0900_ai_ci;

--
-- Dumping data for table `health_records`
--

INSERT INTO `health_records` (`health_record_id`, `user_id`, `heart_rate`, `spo2`, `ecg`, `remark`, `created_at`, `updated_at`, `is_delete`) VALUES
(1, 33, '50', '80', '300', 'please check heart rate', '2024-04-08 05:05:42', NULL, 0),
(2, 33, '55', '82', '600', NULL, '2024-04-08 05:06:19', NULL, 0),
(3, 34, '60', '84', '900', 'please check SpO2', '2024-04-08 05:06:39', NULL, 0),
(4, 34, '65', '86', '1200', NULL, '2024-04-08 09:21:12', NULL, 0),
(5, 35, '70', '88', '1500', 'take note on ecg', '2024-04-09 07:29:27', NULL, 0),
(6, 36, '75', '90', '300', NULL, '2024-04-11 05:33:03', NULL, 0),
(7, 43, '80', '92', '1800', NULL, '2024-04-11 08:19:27', NULL, 0),
(8, 45, '85', '94', '2100', NULL, '2024-04-11 08:27:15', NULL, 0),
(9, 46, '90', '96', '2400', NULL, '2024-04-11 09:03:46', NULL, 0),
(10, 47, '95', '98', '2700', NULL, '2024-04-11 09:09:03', NULL, 0),
(11, 35, '100', '81', '3000', NULL, '2024-04-11 09:10:45', NULL, 0),
(12, 35, '105', '83', '3300', NULL, '2024-04-11 09:13:03', NULL, 0),
(15, 34, '110', '87', '3600', NULL, '2024-04-11 10:04:06', NULL, 0),
(16, 50, '90', '89', '1998', 'take note on spo2', '2024-04-11 10:08:34', NULL, 0),
(17, 50, '88', '91', '3095', 'take note on ecg', '2024-04-25 15:56:02', NULL, 0),
(18, 50, '90', '93', '2003', '', '2024-04-25 15:56:32', NULL, 0),
(19, 57, '83', '97', '4800', 'take note on heart rate', '2024-04-25 15:58:03', NULL, 0),
(20, 58, '87', '99', '5100', '', '2024-04-25 15:59:44', NULL, 0),
(21, 57, '92', '100', '5400', '', '2024-05-25 16:41:19', NULL, 0),
(22, 58, '93', '84', '5400', '', '2024-07-10 16:05:03', NULL, 0),
(23, 60, '64', '86', '5500', 'take note on heart rate', '2024-07-10 16:06:29', NULL, 0),
(24, 50, '85', '90', '3000', '', '2024-07-20 08:30:49', NULL, 0),
(25, 50, '76', '97', '1750', 'irregular heartbeat', '2024-07-25 10:52:46', NULL, 0),
(26, 50, '75', '96', '1915', '', '2024-07-29 03:56:41', NULL, 0),
(27, 50, '78', '97', '3772', 'take note on ecg', '2024-07-29 18:39:04', NULL, 0),
(28, 50, '80', '97', '1972', 'take note on heart rate', '2024-07-31 04:43:10', NULL, 0),
(29, 35, '81', '96', '3683', '', '2024-08-07 08:30:01', NULL, 0),
(30, 50, '80', '95', '659', '', '2024-08-09 05:28:31', NULL, 0),
(31, 73, '50', '75', '2000', '', '2024-08-09 05:30:11', NULL, 0);

-- --------------------------------------------------------

--
-- Table structure for table `raw_health_records`
--

CREATE TABLE `raw_health_records` (
  `health_record_id` int NOT NULL,
  `heart_rate` varchar(255) NOT NULL,
  `spo2` varchar(255) NOT NULL,
  `ecg` varchar(255) NOT NULL,
  `created_at` timestamp NOT NULL DEFAULT CURRENT_TIMESTAMP,
  `updated_at` timestamp NULL DEFAULT NULL ON UPDATE CURRENT_TIMESTAMP,
  `is_delete` tinyint DEFAULT '0'
) ENGINE=InnoDB DEFAULT CHARSET=utf8mb4 COLLATE=utf8mb4_0900_ai_ci;

--
-- Dumping data for table `raw_health_records`
--

INSERT INTO `raw_health_records` (`health_record_id`, `heart_rate`, `spo2`, `ecg`, `created_at`, `updated_at`, `is_delete`) VALUES
(1, '0', '0', '3972', '2024-08-07 09:22:20', NULL, 0),
(2, '0', '0', '4095', '2024-08-07 09:22:22', NULL, 0),
(3, '0', '0', '0', '2024-08-07 09:22:24', NULL, 0),
(4, '4', '0', '3313', '2024-08-07 09:22:26', NULL, 0),
(5, '0', '0', '4095', '2024-08-07 09:22:28', NULL, 0),
(6, '52', '0', '0', '2024-08-07 09:22:30', NULL, 0),
(7, '82', '0', '2373', '2024-08-07 09:22:32', NULL, 0),
(8, '84', '97', '4037', '2024-08-07 09:22:34', NULL, 0),
(9, '81', '93', '0', '2024-08-07 09:22:36', NULL, 0),
(10, '78', '97', '0', '2024-08-07 09:22:38', NULL, 0),
(11, '128', '97', '3840', '2024-08-07 09:22:40', NULL, 0),
(12, '87', '97', '0', '2024-08-07 09:22:42', NULL, 0),
(13, '81', '96', '0', '2024-08-07 09:22:44', NULL, 0),
(14, '76', '97', '3737', '2024-08-07 09:22:46', NULL, 0),
(15, '75', '98', '997', '2024-08-07 09:22:48', NULL, 0),
(16, '81', '98', '17', '2024-08-07 09:22:50', NULL, 0),
(17, '79', '97', '4095', '2024-08-07 09:22:52', NULL, 0),
(18, '81', '97', '69', '2024-08-07 09:22:54', NULL, 0),
(19, '79', '98', '0', '2024-08-07 09:22:56', NULL, 0),
(20, '81', '98', '4031', '2024-08-07 09:22:58', NULL, 0),
(21, '75', '97', '4019', '2024-08-07 09:23:00', NULL, 0),
(22, '0', '97', '0', '2024-08-07 09:23:02', NULL, 0),
(23, '0', '0', '2517', '2024-08-07 09:23:04', NULL, 0),
(24, '0', '0', '4095', '2024-08-07 09:23:06', NULL, 0),
(25, '0', '0', '50', '2024-08-07 09:23:08', NULL, 0),
(26, '0', '0', '9', '2024-08-07 09:23:10', NULL, 0),
(27, '0', '0', '4095', '2024-08-07 09:23:12', NULL, 0),
(28, '0', '0', '2657', '2024-08-07 09:23:14', NULL, 0),
(29, '0', '0', '0', '2024-08-07 09:23:16', NULL, 0),
(30, '0', '0', '4037', '2024-08-07 09:23:18', NULL, 0),
(31, '0', '0', '4045', '2024-08-07 09:23:20', NULL, 0),
(32, '0', '0', '17', '2024-08-07 09:23:22', NULL, 0),
(33, '0', '0', '0', '2024-08-07 09:23:24', NULL, 0),
(34, '4', '0', '4031', '2024-08-07 09:23:26', NULL, 0),
(35, '8', '0', '4095', '2024-08-07 09:23:28', NULL, 0),
(36, '46', '0', '26', '2024-08-07 09:23:30', NULL, 0),
(37, '40', '0', '619', '2024-08-07 09:23:32', NULL, 0),
(38, '65', '0', '4035', '2024-08-07 09:23:34', NULL, 0),
(39, '76', '97', '3733', '2024-08-07 09:23:36', NULL, 0),
(40, '77', '97', '0', '2024-08-07 09:23:38', NULL, 0),
(41, '74', '98', '3771', '2024-08-07 09:23:40', NULL, 0),
(42, '74', '97', '4094', '2024-08-07 09:23:42', NULL, 0),
(43, '79', '97', '43', '2024-08-07 09:23:44', NULL, 0),
(44, '78', '97', '4065', '2024-08-07 09:23:46', NULL, 0),
(45, '62', '97', '4073', '2024-08-07 09:23:48', NULL, 0),
(46, '0', '95', '0', '2024-08-07 09:23:50', NULL, 0),
(47, '0', '0', '0', '2024-08-07 09:23:52', NULL, 0),
(48, '0', '0', '4095', '2024-08-07 09:23:54', NULL, 0),
(49, '0', '0', '3027', '2024-08-07 09:23:56', NULL, 0),
(50, '0', '0', '0', '2024-08-07 09:23:58', NULL, 0),
(51, '0', '0', '3982', '2024-08-07 09:24:00', NULL, 0),
(52, '0', '0', '4049', '2024-08-07 09:24:02', NULL, 0),
(53, '0', '0', '0', '2024-08-07 09:24:04', NULL, 0),
(54, '0', '0', '311', '2024-08-07 09:24:06', NULL, 0),
(55, '0', '0', '4095', '2024-08-07 09:24:08', NULL, 0),
(56, '0', '0', '4095', '2024-08-07 09:24:10', NULL, 0),
(57, '0', '0', '0', '2024-08-07 09:24:12', NULL, 0),
(58, '0', '0', '4095', '2024-08-07 09:24:14', NULL, 0),
(59, '0', '0', '1377', '2024-08-07 09:24:16', NULL, 0),
(60, '0', '0', '39', '2024-08-07 09:24:18', NULL, 0),
(61, '0', '0', '223', '2024-08-07 09:24:20', NULL, 0),
(62, '0', '0', '2108', '2024-08-07 09:24:22', NULL, 0),
(63, '0', '0', '2014', '2024-08-07 09:24:24', NULL, 0),
(64, '0', '0', '1779', '2024-08-07 09:24:26', NULL, 0),
(65, '0', '0', '2062', '2024-08-07 09:24:28', NULL, 0),
(66, '0', '0', '2110', '2024-08-07 09:24:30', NULL, 0),
(67, '0', '0', '1936', '2024-08-07 09:24:32', NULL, 0),
(68, '0', '0', '1229', '2024-08-07 09:24:34', NULL, 0),
(69, '0', '0', '1990', '2024-08-07 09:24:36', NULL, 0),
(70, '0', '0', '1953', '2024-08-07 09:24:38', NULL, 0),
(71, '0', '0', '1961', '2024-08-07 09:24:40', NULL, 0),
(72, '0', '0', '1968', '2024-08-07 09:24:42', NULL, 0),
(73, '0', '0', '2055', '2024-08-07 09:24:44', NULL, 0),
(74, '0', '0', '1953', '2024-08-07 09:24:46', NULL, 0),
(75, '0', '0', '1587', '2024-08-07 09:24:48', NULL, 0),
(76, '0', '0', '2179', '2024-08-07 09:24:50', NULL, 0),
(77, '0', '0', '1895', '2024-08-07 09:24:52', NULL, 0),
(78, '0', '0', '1883', '2024-08-07 09:24:54', NULL, 0),
(79, '0', '0', '1925', '2024-08-07 09:24:56', NULL, 0),
(80, '0', '0', '1919', '2024-08-07 09:24:58', NULL, 0),
(81, '0', '0', '1849', '2024-08-07 09:25:00', NULL, 0),
(82, '0', '0', '1946', '2024-08-07 09:25:02', NULL, 0),
(83, '0', '0', '1879', '2024-08-07 09:25:04', NULL, 0),
(84, '0', '0', '2096', '2024-08-07 09:25:06', NULL, 0),
(85, '0', '0', '1953', '2024-08-07 09:25:08', NULL, 0),
(86, '0', '0', '2062', '2024-08-07 09:25:10', NULL, 0),
(87, '0', '0', '2203', '2024-08-07 09:25:12', NULL, 0),
(88, '0', '0', '1834', '2024-08-07 09:25:14', NULL, 0),
(89, '0', '0', '1935', '2024-08-07 09:25:16', NULL, 0),
(90, '0', '0', '1946', '2024-08-07 09:25:18', NULL, 0),
(91, '0', '0', '2019', '2024-08-07 09:25:20', NULL, 0),
(92, '0', '0', '1968', '2024-08-07 09:25:22', NULL, 0),
(93, '0', '0', '2064', '2024-08-07 09:25:24', NULL, 0),
(94, '0', '0', '2111', '2024-08-07 09:25:26', NULL, 0),
(95, '0', '0', '1919', '2024-08-07 09:25:28', NULL, 0),
(96, '0', '0', '189', '2024-08-07 09:25:30', NULL, 0),
(97, '0', '0', '1996', '2024-08-07 09:25:32', NULL, 0),
(98, '0', '0', '2001', '2024-08-07 09:25:34', NULL, 0),
(99, '0', '0', '146', '2024-08-07 09:25:36', NULL, 0),
(100, '0', '0', '3937', '2024-08-07 09:25:38', NULL, 0),
(101, '0', '0', '1937', '2024-08-07 09:25:40', NULL, 0),
(102, '0', '0', '1809', '2024-08-07 09:25:42', NULL, 0),
(103, '0', '0', '18', '2024-08-07 09:25:44', NULL, 0),
(104, '0', '0', '80', '2024-08-07 09:25:46', NULL, 0),
(105, '0', '0', '53', '2024-08-07 09:25:48', NULL, 0),
(106, '0', '0', '87', '2024-08-07 09:25:50', NULL, 0),
(107, '0', '0', '146', '2024-08-07 09:25:52', NULL, 0),
(108, '0', '0', '157', '2024-08-07 09:25:54', NULL, 0),
(109, '0', '0', '49', '2024-08-07 09:25:56', NULL, 0),
(110, '0', '0', '170', '2024-08-07 09:25:58', NULL, 0),
(111, '0', '0', '306', '2024-08-07 09:26:00', NULL, 0),
(112, '0', '0', '0', '2024-08-07 09:26:02', NULL, 0),
(113, '0', '0', '289', '2024-08-07 09:26:04', NULL, 0),
(114, '0', '0', '48', '2024-08-07 09:26:06', NULL, 0),
(115, '0', '0', '233', '2024-08-07 09:26:08', NULL, 0),
(116, '0', '0', '57', '2024-08-07 09:26:10', NULL, 0),
(117, '0', '0', '72', '2024-08-07 09:27:46', NULL, 0),
(118, '0', '0', '124', '2024-08-07 09:27:48', NULL, 0),
(119, '0', '0', '294', '2024-08-07 09:27:50', NULL, 0),
(120, '0', '0', '127', '2024-08-07 09:27:52', NULL, 0),
(121, '0', '0', '276', '2024-08-07 09:27:54', NULL, 0),
(122, '0', '0', '93', '2024-08-07 09:27:57', NULL, 0),
(123, '0', '0', '213', '2024-08-07 09:27:58', NULL, 0),
(124, '0', '0', '4095', '2024-08-07 09:28:00', NULL, 0),
(125, '0', '0', '4095', '2024-08-07 09:28:02', NULL, 0),
(126, '0', '0', '4095', '2024-08-07 09:28:04', NULL, 0),
(127, '0', '0', '3760', '2024-08-07 09:28:06', NULL, 0),
(128, '0', '0', '50', '2024-08-07 09:28:08', NULL, 0),
(129, '0', '0', '0', '2024-08-07 09:28:10', NULL, 0),
(130, '0', '0', '0', '2024-08-07 09:28:12', NULL, 0),
(131, '0', '0', '45', '2024-08-07 09:28:14', NULL, 0),
(132, '0', '0', '1198', '2024-08-07 09:28:16', NULL, 0),
(133, '0', '0', '228', '2024-08-07 09:28:18', NULL, 0),
(134, '0', '0', '1882', '2024-08-07 09:28:20', NULL, 0),
(135, '0', '0', '4095', '2024-08-07 09:28:22', NULL, 0),
(136, '0', '0', '3931', '2024-08-07 09:28:24', NULL, 0),
(137, '0', '0', '4095', '2024-08-07 09:28:26', NULL, 0),
(138, '0', '0', '80', '2024-08-07 09:28:28', NULL, 0),
(139, '0', '0', '0', '2024-08-07 09:28:30', NULL, 0),
(140, '0', '0', '0', '2024-08-07 09:28:32', NULL, 0),
(141, '0', '0', '30', '2024-08-07 09:28:35', NULL, 0),
(142, '0', '0', '0', '2024-08-07 09:28:36', NULL, 0),
(143, '0', '0', '80', '2024-08-07 09:28:38', NULL, 0),
(144, '0', '0', '4095', '2024-08-07 09:28:40', NULL, 0),
(145, '0', '0', '560', '2024-08-07 09:28:42', NULL, 0),
(146, '0', '0', '0', '2024-08-07 09:28:44', NULL, 0),
(147, '0', '0', '0', '2024-08-07 09:28:46', NULL, 0),
(148, '0', '0', '4095', '2024-08-07 09:28:48', NULL, 0),
(149, '0', '0', '0', '2024-08-07 09:28:50', NULL, 0),
(150, '0', '0', '2374', '2024-08-07 09:28:52', NULL, 0),
(151, '0', '0', '2534', '2024-08-07 09:28:54', NULL, 0),
(152, '0', '0', '1735', '2024-08-07 09:28:57', NULL, 0),
(153, '0', '0', '1838', '2024-08-07 09:28:59', NULL, 0),
(154, '0', '0', '4095', '2024-08-07 09:29:00', NULL, 0),
(155, '0', '0', '4095', '2024-08-07 09:29:02', NULL, 0),
(156, '0', '0', '48', '2024-08-07 09:29:04', NULL, 0),
(157, '0', '0', '211', '2024-08-07 09:29:07', NULL, 0),
(158, '0', '0', '4095', '2024-08-07 09:29:09', NULL, 0),
(159, '0', '0', '1792', '2024-08-07 09:29:11', NULL, 0),
(160, '0', '0', '4095', '2024-08-07 09:29:12', NULL, 0),
(161, '0', '0', '3863', '2024-08-07 09:29:14', NULL, 0),
(162, '0', '0', '203', '2024-08-07 09:29:17', NULL, 0),
(163, '0', '0', '4095', '2024-08-07 09:29:19', NULL, 0),
(164, '0', '0', '3627', '2024-08-07 09:29:20', NULL, 0),
(165, '0', '0', '4079', '2024-08-07 09:29:22', NULL, 0),
(166, '0', '0', '4095', '2024-08-07 09:29:25', NULL, 0),
(167, '0', '0', '3712', '2024-08-07 09:29:27', NULL, 0),
(168, '0', '0', '4072', '2024-08-07 09:29:29', NULL, 0),
(169, '0', '0', '4095', '2024-08-07 09:29:30', NULL, 0),
(170, '0', '0', '814', '2024-08-07 09:29:33', NULL, 0),
(171, '0', '0', '169', '2024-08-07 09:29:35', NULL, 0),
(172, '0', '0', '2213', '2024-08-07 09:29:37', NULL, 0),
(173, '0', '0', '1883', '2024-08-07 09:29:39', NULL, 0),
(174, '0', '0', '2303', '2024-08-07 09:29:41', NULL, 0),
(175, '0', '0', '1963', '2024-08-07 09:29:43', NULL, 0),
(176, '0', '0', '1902', '2024-08-07 09:29:45', NULL, 0),
(177, '0', '0', '1872', '2024-08-07 09:29:47', NULL, 0),
(178, '0', '0', '2342', '2024-08-07 09:29:48', NULL, 0),
(179, '0', '0', '1810', '2024-08-07 09:29:51', NULL, 0),
(180, '0', '0', '1867', '2024-08-07 09:29:53', NULL, 0),
(181, '0', '0', '1777', '2024-08-07 09:29:55', NULL, 0),
(182, '0', '0', '2356', '2024-08-07 09:29:57', NULL, 0),
(183, '0', '0', '1851', '2024-08-07 09:29:59', NULL, 0),
(184, '0', '0', '1932', '2024-08-07 09:30:01', NULL, 0),
(185, '0', '0', '1855', '2024-08-07 09:30:03', NULL, 0),
(186, '0', '0', '35', '2024-08-07 09:30:05', NULL, 0),
(187, '0', '0', '598', '2024-08-07 09:30:07', NULL, 0),
(188, '0', '0', '163', '2024-08-07 09:30:09', NULL, 0),
(189, '0', '0', '95', '2024-08-07 09:30:11', NULL, 0),
(190, '0', '0', '4', '2024-08-07 09:30:13', NULL, 0),
(191, '0', '0', '0', '2024-08-07 09:30:20', NULL, 0),
(192, '0', '0', '111', '2024-08-07 09:30:22', NULL, 0),
(193, '0', '0', '651', '2024-08-07 09:30:24', NULL, 0),
(194, '0', '0', '222', '2024-08-07 09:30:26', NULL, 0),
(195, '0', '0', '0', '2024-08-07 09:30:28', NULL, 0),
(196, '0', '0', '112', '2024-08-07 09:30:30', NULL, 0),
(197, '0', '0', '701', '2024-08-07 09:30:32', NULL, 0),
(198, '7', '0', '259', '2024-08-07 09:30:34', NULL, 0),
(199, '7', '0', '374', '2024-08-07 09:30:36', NULL, 0),
(200, '0', '0', '0', '2024-08-07 09:30:39', NULL, 0),
(201, '0', '0', '757', '2024-08-07 09:30:41', NULL, 0),
(202, '0', '0', '299', '2024-08-07 09:30:43', NULL, 0),
(203, '0', '0', '200', '2024-08-07 09:30:45', NULL, 0),
(204, '0', '0', '192', '2024-08-07 09:30:47', NULL, 0),
(205, '0', '0', '176', '2024-08-07 09:30:48', NULL, 0),
(206, '0', '0', '167', '2024-08-07 09:30:51', NULL, 0),
(207, '0', '0', '162', '2024-08-07 09:30:53', NULL, 0),
(208, '0', '0', '158', '2024-08-07 09:30:55', NULL, 0),
(209, '0', '0', '138', '2024-08-07 09:30:57', NULL, 0),
(210, '0', '0', '1161', '2024-08-07 09:30:59', NULL, 0),
(211, '0', '0', '149', '2024-08-07 09:31:01', NULL, 0),
(212, '0', '0', '0', '2024-08-07 09:31:03', NULL, 0),
(213, '0', '0', '3180', '2024-08-07 09:31:05', NULL, 0),
(214, '0', '0', '310', '2024-08-07 09:31:06', NULL, 0),
(215, '0', '0', '1799', '2024-08-07 09:31:09', NULL, 0),
(216, '0', '0', '4095', '2024-08-07 09:31:11', NULL, 0),
(217, '0', '0', '1431', '2024-08-07 09:31:13', NULL, 0),
(218, '0', '0', '589', '2024-08-07 09:31:15', NULL, 0),
(219, '0', '0', '3251', '2024-08-07 09:31:17', NULL, 0),
(220, '0', '0', '2858', '2024-08-07 09:31:19', NULL, 0),
(221, '0', '0', '317', '2024-08-07 09:31:21', NULL, 0),
(222, '0', '0', '2005', '2024-08-07 09:31:23', NULL, 0),
(223, '0', '0', '1', '2024-08-07 09:31:25', NULL, 0),
(224, '0', '0', '129', '2024-08-07 09:31:27', NULL, 0),
(225, '0', '0', '132', '2024-08-07 09:31:29', NULL, 0),
(226, '0', '0', '129', '2024-08-07 09:31:31', NULL, 0),
(227, '0', '0', '146', '2024-08-07 09:31:33', NULL, 0),
(228, '0', '0', '135', '2024-08-07 09:31:35', NULL, 0),
(229, '0', '0', '4095', '2024-08-07 09:31:37', NULL, 0),
(230, '0', '0', '1132', '2024-08-07 09:31:39', NULL, 0),
(231, '0', '0', '118', '2024-08-07 09:31:41', NULL, 0),
(232, '0', '0', '0', '2024-08-07 09:31:43', NULL, 0),
(233, '0', '0', '1849', '2024-08-07 09:31:45', NULL, 0),
(234, '0', '0', '3255', '2024-08-07 09:31:47', NULL, 0),
(235, '0', '0', '130', '2024-08-07 09:31:49', NULL, 0),
(236, '0', '0', '139', '2024-08-07 09:31:51', NULL, 0),
(237, '0', '0', '137', '2024-08-07 09:31:53', NULL, 0),
(238, '0', '0', '128', '2024-08-07 09:31:55', NULL, 0),
(239, '0', '0', '41', '2024-08-07 09:31:57', NULL, 0),
(240, '0', '0', '0', '2024-08-07 09:31:59', NULL, 0),
(241, '0', '0', '118', '2024-08-07 09:32:01', NULL, 0),
(242, '0', '0', '128', '2024-08-07 09:32:03', NULL, 0),
(243, '0', '0', '15', '2024-08-07 09:32:05', NULL, 0),
(244, '0', '0', '319', '2024-08-07 09:32:07', NULL, 0),
(245, '0', '0', '64', '2024-08-07 09:32:09', NULL, 0),
(246, '0', '0', '449', '2024-08-07 14:34:32', NULL, 0),
(247, '0', '0', '4095', '2024-08-07 14:34:34', NULL, 0),
(248, '0', '0', '720', '2024-08-07 14:34:36', NULL, 0),
(249, '0', '0', '465', '2024-08-07 14:34:38', NULL, 0),
(250, '0', '0', '399', '2024-08-07 14:34:40', NULL, 0),
(251, '0', '0', '406', '2024-08-07 14:34:42', NULL, 0),
(252, '0', '0', '459', '2024-08-07 14:34:44', NULL, 0),
(253, '0', '0', '462', '2024-08-07 14:34:46', NULL, 0),
(254, '1', '0', '627', '2024-08-07 14:34:48', NULL, 0),
(255, '0', '0', '4095', '2024-08-07 14:34:50', NULL, 0),
(256, '25', '0', '1707', '2024-08-07 14:34:52', NULL, 0),
(257, '34', '0', '3195', '2024-08-07 14:34:54', NULL, 0),
(258, '0', '0', '1775', '2024-08-07 14:34:56', NULL, 0),
(259, '93', '94', '4077', '2024-08-07 14:34:58', NULL, 0),
(260, '68', '94', '4095', '2024-08-07 14:35:00', NULL, 0),
(261, '59', '95', '1387', '2024-08-07 14:35:02', NULL, 0),
(262, '96', '95', '1345', '2024-08-07 14:35:04', NULL, 0),
(263, '50', '95', '3401', '2024-08-07 14:35:06', NULL, 0),
(264, '77', '95', '1840', '2024-08-07 14:35:08', NULL, 0),
(265, '77', '95', '2304', '2024-08-07 14:35:10', NULL, 0),
(266, '77', '95', '2322', '2024-08-07 14:35:12', NULL, 0),
(267, '11', '95', '11', '2024-08-07 14:35:15', NULL, 0),
(268, '11', '95', '0', '2024-08-07 14:35:17', NULL, 0),
(269, '11', '95', '0', '2024-08-07 14:35:19', NULL, 0),
(270, '11', '95', '3825', '2024-08-07 14:35:21', NULL, 0),
(271, '11', '95', '3242', '2024-08-07 14:35:23', NULL, 0),
(272, '11', '95', '581', '2024-08-07 14:35:25', NULL, 0),
(273, '0', '0', '0', '2024-08-07 14:35:27', NULL, 0),
(274, '0', '0', '0', '2024-08-07 14:35:29', NULL, 0),
(275, '0', '0', '107', '2024-08-07 14:35:31', NULL, 0),
(276, '0', '0', '2753', '2024-08-07 14:35:33', NULL, 0),
(277, '0', '0', '91', '2024-08-07 14:35:37', NULL, 0),
(278, '0', '0', '0', '2024-08-07 14:35:37', NULL, 0),
(279, '4', '0', '0', '2024-08-07 14:35:39', NULL, 0),
(280, '4', '0', '64', '2024-08-07 14:35:41', NULL, 0),
(281, '0', '0', '2583', '2024-08-07 14:35:47', NULL, 0),
(282, '0', '0', '235', '2024-08-07 14:35:50', NULL, 0),
(283, '18', '0', '14', '2024-08-07 14:35:51', NULL, 0),
(284, '0', '0', '320', '2024-08-07 14:35:53', NULL, 0),
(285, '0', '0', '39', '2024-08-07 14:35:55', NULL, 0),
(286, '0', '0', '336', '2024-08-07 14:35:57', NULL, 0),
(287, '0', '0', '20', '2024-08-07 14:35:59', NULL, 0),
(288, '0', '0', '326', '2024-08-07 14:36:01', NULL, 0),
(289, '0', '0', '0', '2024-08-07 14:36:03', NULL, 0),
(290, '7', '0', '221', '2024-08-07 14:36:05', NULL, 0),
(291, '39', '0', '193', '2024-08-07 14:36:07', NULL, 0),
(292, '65', '95', '49', '2024-08-07 14:36:09', NULL, 0),
(293, '69', '95', '128', '2024-08-07 14:36:11', NULL, 0),
(294, '69', '95', '243', '2024-08-07 14:36:13', NULL, 0),
(295, '72', '95', '226', '2024-08-07 14:36:15', NULL, 0),
(296, '69', '95', '256', '2024-08-07 14:36:17', NULL, 0),
(297, '57', '95', '368', '2024-08-07 14:36:19', NULL, 0),
(298, '63', '93', '107', '2024-08-07 14:36:21', NULL, 0),
(299, '41', '93', '214', '2024-08-07 14:36:23', NULL, 0),
(300, '61', '93', '222', '2024-08-07 14:36:25', NULL, 0),
(301, '71', '0', '65', '2024-08-07 14:36:27', NULL, 0),
(302, '68', '94', '62', '2024-08-07 14:36:29', NULL, 0),
(303, '71', '95', '235', '2024-08-07 14:36:31', NULL, 0),
(304, '70', '95', '221', '2024-08-07 14:36:33', NULL, 0),
(305, '69', '95', '210', '2024-08-07 14:36:35', NULL, 0),
(306, '69', '95', '245', '2024-08-07 14:36:37', NULL, 0),
(307, '72', '95', '224', '2024-08-07 14:36:39', NULL, 0),
(308, '72', '95', '101', '2024-08-07 14:36:41', NULL, 0),
(309, '72', '95', '223', '2024-08-07 14:36:43', NULL, 0),
(310, '71', '95', '60', '2024-08-07 14:36:45', NULL, 0),
(311, '40', '0', '6', '2024-08-07 14:36:47', NULL, 0),
(312, '64', '0', '73', '2024-08-07 14:36:49', NULL, 0),
(313, '66', '0', '137', '2024-08-07 14:36:51', NULL, 0),
(314, '0', '0', '56', '2024-08-07 14:36:53', NULL, 0),
(315, '0', '0', '33', '2024-08-07 14:36:55', NULL, 0),
(316, '0', '0', '18', '2024-08-07 14:36:57', NULL, 0),
(317, '0', '0', '21', '2024-08-07 14:36:59', NULL, 0),
(318, '0', '0', '0', '2024-08-07 14:37:01', NULL, 0),
(319, '0', '0', '1141', '2024-08-07 14:37:03', NULL, 0),
(320, '0', '0', '17', '2024-08-07 14:37:05', NULL, 0),
(321, '0', '0', '161', '2024-08-07 14:37:07', NULL, 0),
(322, '0', '0', '1481', '2024-08-07 14:37:10', NULL, 0),
(323, '0', '0', '1051', '2024-08-07 14:37:11', NULL, 0),
(324, '0', '0', '208', '2024-08-07 14:37:13', NULL, 0),
(325, '0', '0', '366', '2024-08-07 14:37:15', NULL, 0),
(326, '0', '0', '1279', '2024-08-07 14:37:17', NULL, 0),
(327, '0', '0', '1104', '2024-08-07 14:37:19', NULL, 0),
(328, '0', '0', '48', '2024-08-07 14:37:21', NULL, 0),
(329, '0', '0', '25', '2024-08-07 14:37:23', NULL, 0),
(330, '0', '0', '976', '2024-08-07 14:37:26', NULL, 0),
(331, '0', '0', '1054', '2024-08-07 14:37:27', NULL, 0),
(332, '0', '0', '1237', '2024-08-07 14:37:29', NULL, 0),
(333, '0', '0', '1113', '2024-08-07 14:37:31', NULL, 0),
(334, '0', '0', '1323', '2024-08-07 14:37:34', NULL, 0),
(335, '0', '0', '1225', '2024-08-07 14:37:35', NULL, 0),
(336, '0', '0', '22', '2024-08-07 14:37:37', NULL, 0),
(337, '0', '0', '1156', '2024-08-07 14:37:39', NULL, 0),
(338, '0', '0', '579', '2024-08-07 14:37:42', NULL, 0),
(339, '0', '0', '2037', '2024-08-07 14:37:43', NULL, 0),
(340, '0', '0', '2074', '2024-08-07 14:37:45', NULL, 0),
(341, '0', '0', '917', '2024-08-07 14:37:47', NULL, 0),
(342, '0', '0', '1030', '2024-08-07 14:37:49', NULL, 0),
(343, '0', '0', '1945', '2024-08-07 14:37:52', NULL, 0),
(344, '0', '0', '210', '2024-08-07 14:37:53', NULL, 0),
(345, '0', '0', '1616', '2024-08-07 14:37:55', NULL, 0),
(346, '0', '0', '1143', '2024-08-07 14:37:57', NULL, 0),
(347, '0', '0', '959', '2024-08-07 14:38:00', NULL, 0),
(348, '0', '0', '1227', '2024-08-07 14:38:02', NULL, 0),
(349, '0', '0', '1240', '2024-08-07 14:38:03', NULL, 0),
(350, '0', '0', '1661', '2024-08-07 14:38:05', NULL, 0),
(351, '0', '0', '96', '2024-08-07 14:38:08', NULL, 0),
(352, '0', '0', '117', '2024-08-07 14:38:10', NULL, 0),
(353, '0', '0', '597', '2024-08-07 14:38:12', NULL, 0),
(354, '0', '0', '1249', '2024-08-07 14:38:13', NULL, 0),
(355, '0', '0', '187', '2024-08-07 14:38:15', NULL, 0),
(356, '0', '0', '203', '2024-08-07 14:38:18', NULL, 0),
(357, '0', '0', '109', '2024-08-07 14:38:20', NULL, 0),
(358, '0', '0', '0', '2024-08-07 14:39:15', NULL, 0),
(359, '0', '0', '28', '2024-08-07 14:39:18', NULL, 0),
(360, '0', '0', '171', '2024-08-07 14:39:20', NULL, 0),
(361, '0', '0', '99', '2024-08-07 14:39:22', NULL, 0),
(362, '0', '0', '361', '2024-08-07 14:39:24', NULL, 0),
(363, '0', '0', '420', '2024-08-07 14:39:26', NULL, 0),
(364, '0', '0', '2123', '2024-08-07 14:39:28', NULL, 0),
(365, '0', '0', '1229', '2024-08-07 14:39:30', NULL, 0),
(366, '0', '0', '1578', '2024-08-07 14:39:32', NULL, 0),
(367, '0', '0', '34', '2024-08-07 14:39:34', NULL, 0),
(368, '0', '0', '384', '2024-08-07 14:39:36', NULL, 0),
(369, '0', '0', '198', '2024-08-07 14:39:38', NULL, 0),
(370, '0', '0', '464', '2024-08-07 14:39:40', NULL, 0),
(371, '0', '0', '162', '2024-08-07 14:39:42', NULL, 0),
(372, '0', '0', '966', '2024-08-07 14:39:44', NULL, 0),
(373, '0', '0', '2085', '2024-08-07 14:39:46', NULL, 0),
(374, '0', '0', '300', '2024-08-07 14:39:48', NULL, 0),
(375, '0', '0', '1571', '2024-08-07 14:39:50', NULL, 0),
(376, '0', '0', '1252', '2024-08-07 14:39:52', NULL, 0),
(377, '0', '0', '1949', '2024-08-07 14:39:54', NULL, 0),
(378, '0', '0', '2166', '2024-08-07 14:39:56', NULL, 0),
(379, '0', '0', '2559', '2024-08-07 14:39:58', NULL, 0),
(380, '5', '0', '101', '2024-08-07 14:40:00', NULL, 0),
(381, '11', '64', '0', '2024-08-07 14:40:02', NULL, 0),
(382, '33', '64', '0', '2024-08-07 14:40:04', NULL, 0),
(383, '63', '96', '0', '2024-08-07 14:40:06', NULL, 0),
(384, '67', '96', '0', '2024-08-07 14:40:08', NULL, 0),
(385, '71', '95', '42', '2024-08-07 14:40:10', NULL, 0),
(386, '71', '95', '0', '2024-08-07 14:40:12', NULL, 0),
(387, '73', '94', '0', '2024-08-07 14:40:14', NULL, 0),
(388, '74', '96', '0', '2024-08-07 14:40:16', NULL, 0),
(389, '66', '96', '0', '2024-08-07 14:40:18', NULL, 0),
(390, '68', '96', '0', '2024-08-07 14:40:20', NULL, 0),
(391, '58', '96', '0', '2024-08-07 14:40:22', NULL, 0),
(392, '76', '96', '0', '2024-08-07 14:40:24', NULL, 0),
(393, '67', '95', '0', '2024-08-07 14:40:26', NULL, 0),
(394, '71', '95', '0', '2024-08-07 14:40:28', NULL, 0),
(395, '44', '94', '0', '2024-08-07 14:40:30', NULL, 0),
(396, '60', '94', '0', '2024-08-07 14:40:32', NULL, 0),
(397, '0', '0', '124', '2024-08-07 14:40:34', NULL, 0),
(398, '0', '0', '0', '2024-08-07 14:40:36', NULL, 0),
(399, '0', '0', '0', '2024-08-07 14:40:38', NULL, 0),
(400, '0', '0', '0', '2024-08-07 14:40:40', NULL, 0),
(401, '0', '0', '0', '2024-08-07 14:40:42', NULL, 0),
(402, '0', '0', '0', '2024-08-07 14:40:44', NULL, 0),
(403, '0', '0', '32', '2024-08-07 14:40:46', NULL, 0),
(404, '0', '0', '0', '2024-08-07 14:40:48', NULL, 0),
(405, '0', '0', '66', '2024-08-07 14:40:50', NULL, 0),
(406, '0', '0', '0', '2024-08-07 14:40:52', NULL, 0),
(407, '0', '0', '0', '2024-08-07 14:40:54', NULL, 0),
(408, '0', '0', '165', '2024-08-07 14:40:56', NULL, 0),
(409, '0', '0', '2045', '2024-08-07 14:40:58', NULL, 0),
(410, '0', '0', '2086', '2024-08-07 14:41:00', NULL, 0),
(411, '0', '0', '2061', '2024-08-07 14:41:02', NULL, 0),
(412, '0', '0', '784', '2024-08-07 14:41:04', NULL, 0),
(413, '0', '0', '1433', '2024-08-07 14:41:06', NULL, 0),
(414, '0', '0', '1515', '2024-08-07 14:41:08', NULL, 0),
(415, '0', '0', '2021', '2024-08-07 14:41:10', NULL, 0),
(416, '0', '0', '1088', '2024-08-07 14:41:12', NULL, 0),
(417, '0', '0', '1395', '2024-08-07 14:41:14', NULL, 0),
(418, '0', '0', '1474', '2024-08-07 14:41:16', NULL, 0),
(419, '0', '0', '1209', '2024-08-07 14:41:18', NULL, 0),
(420, '0', '0', '1475', '2024-08-07 14:41:20', NULL, 0),
(421, '0', '0', '1376', '2024-08-07 14:41:22', NULL, 0),
(422, '0', '0', '1135', '2024-08-07 14:41:24', NULL, 0),
(423, '0', '0', '1323', '2024-08-07 14:41:26', NULL, 0),
(424, '0', '0', '1382', '2024-08-07 14:41:28', NULL, 0),
(425, '0', '0', '994', '2024-08-07 14:41:30', NULL, 0),
(426, '0', '0', '1023', '2024-08-07 14:41:32', NULL, 0),
(427, '0', '0', '1521', '2024-08-07 14:41:34', NULL, 0),
(428, '0', '0', '1392', '2024-08-07 14:41:36', NULL, 0),
(429, '0', '0', '167', '2024-08-07 14:41:38', NULL, 0),
(430, '0', '0', '214', '2024-08-07 14:41:40', NULL, 0),
(431, '3', '0', '16', '2024-08-07 14:41:42', NULL, 0),
(432, '0', '0', '0', '2024-08-07 14:41:44', NULL, 0),
(433, '44', '0', '208', '2024-08-07 14:41:46', NULL, 0),
(434, '62', '97', '0', '2024-08-07 14:41:48', NULL, 0),
(435, '70', '97', '119', '2024-08-07 14:41:50', NULL, 0),
(436, '70', '97', '79', '2024-08-07 14:41:52', NULL, 0),
(437, '69', '97', '37', '2024-08-07 14:41:54', NULL, 0),
(438, '66', '97', '0', '2024-08-07 14:41:56', NULL, 0),
(439, '67', '97', '0', '2024-08-07 14:41:58', NULL, 0),
(440, '69', '97', '0', '2024-08-07 14:42:00', NULL, 0),
(441, '72', '97', '21', '2024-08-07 14:42:02', NULL, 0),
(442, '66', '97', '0', '2024-08-07 14:42:04', NULL, 0),
(443, '67', '98', '0', '2024-08-07 14:42:06', NULL, 0),
(444, '67', '98', '0', '2024-08-07 14:42:08', NULL, 0),
(445, '70', '98', '103', '2024-08-07 14:42:10', NULL, 0),
(446, '69', '98', '0', '2024-08-07 14:42:12', NULL, 0),
(447, '67', '98', '7', '2024-08-07 14:42:14', NULL, 0),
(448, '69', '98', '45', '2024-08-07 14:42:16', NULL, 0),
(449, '72', '98', '0', '2024-08-07 14:42:18', NULL, 0),
(450, '69', '98', '0', '2024-08-07 14:42:20', NULL, 0),
(451, '65', '98', '27', '2024-08-07 14:42:22', NULL, 0),
(452, '0', '0', '0', '2024-08-07 14:42:24', NULL, 0),
(453, '0', '0', '0', '2024-08-07 14:42:26', NULL, 0),
(454, '0', '0', '98', '2024-08-07 14:42:28', NULL, 0),
(455, '0', '0', '80', '2024-08-07 14:42:30', NULL, 0),
(456, '0', '0', '13', '2024-08-07 14:42:32', NULL, 0),
(457, '0', '0', '7', '2024-08-07 14:42:34', NULL, 0),
(458, '0', '0', '18', '2024-08-07 14:42:36', NULL, 0),
(459, '0', '0', '0', '2024-08-07 14:42:38', NULL, 0),
(460, '0', '0', '2', '2024-08-07 14:42:40', NULL, 0),
(461, '0', '0', '12', '2024-08-07 14:42:42', NULL, 0),
(462, '0', '0', '41', '2024-08-07 14:42:44', NULL, 0),
(463, '0', '0', '0', '2024-08-07 14:42:46', NULL, 0),
(464, '0', '0', '0', '2024-08-07 14:44:04', NULL, 0),
(465, '0', '0', '128', '2024-08-07 14:44:06', NULL, 0),
(466, '0', '0', '54', '2024-08-07 14:44:08', NULL, 0),
(467, '0', '0', '0', '2024-08-07 14:44:10', NULL, 0),
(468, '0', '0', '271', '2024-08-07 14:44:12', NULL, 0),
(469, '0', '0', '125', '2024-08-07 14:44:14', NULL, 0),
(470, '0', '0', '0', '2024-08-07 14:44:16', NULL, 0),
(471, '0', '0', '0', '2024-08-07 14:44:18', NULL, 0),
(472, '0', '0', '0', '2024-08-07 14:44:20', NULL, 0),
(473, '0', '0', '276', '2024-08-07 14:44:22', NULL, 0),
(474, '0', '0', '134', '2024-08-07 14:44:24', NULL, 0),
(475, '0', '0', '0', '2024-08-07 14:44:26', NULL, 0),
(476, '0', '0', '0', '2024-08-07 14:44:28', NULL, 0),
(477, '0', '0', '0', '2024-08-07 14:44:30', NULL, 0),
(478, '0', '0', '276', '2024-08-07 14:44:32', NULL, 0),
(479, '0', '0', '0', '2024-08-07 14:44:34', NULL, 0),
(480, '0', '0', '0', '2024-08-07 14:44:36', NULL, 0),
(481, '0', '0', '0', '2024-08-07 14:44:38', NULL, 0),
(482, '0', '0', '0', '2024-08-07 14:44:40', NULL, 0),
(483, '0', '0', '205', '2024-08-07 14:44:42', NULL, 0),
(484, '0', '0', '0', '2024-08-07 14:44:44', NULL, 0),
(485, '0', '0', '0', '2024-08-07 14:44:46', NULL, 0),
(486, '0', '0', '368', '2024-08-07 14:44:48', NULL, 0),
(487, '0', '0', '26', '2024-08-07 14:44:50', NULL, 0),
(488, '0', '0', '0', '2024-08-07 14:44:52', NULL, 0),
(489, '0', '0', '256', '2024-08-07 14:44:54', NULL, 0),
(490, '0', '0', '0', '2024-08-07 14:44:56', NULL, 0),
(491, '0', '0', '0', '2024-08-07 14:44:58', NULL, 0),
(492, '0', '0', '261', '2024-08-07 14:45:00', NULL, 0),
(493, '0', '0', '48', '2024-08-07 14:45:02', NULL, 0),
(494, '10', '64', '0', '2024-08-07 14:45:04', NULL, 0),
(495, '0', '0', '131', '2024-08-07 14:45:06', NULL, 0),
(496, '34', '0', '74', '2024-08-07 14:45:08', NULL, 0),
(497, '65', '96', '0', '2024-08-07 14:45:10', NULL, 0),
(498, '74', '97', '0', '2024-08-07 14:45:12', NULL, 0),
(499, '78', '94', '33', '2024-08-07 14:45:14', NULL, 0),
(500, '0', '0', '0', '2024-08-07 14:45:16', NULL, 0),
(501, '0', '0', '45', '2024-08-07 14:45:18', NULL, 0),
(502, '0', '0', '144', '2024-08-07 14:45:20', NULL, 0),
(503, '0', '0', '64', '2024-08-07 14:45:22', NULL, 0),
(504, '0', '0', '129', '2024-08-07 14:45:24', NULL, 0),
(505, '0', '0', '0', '2024-08-07 14:45:26', NULL, 0),
(506, '0', '0', '80', '2024-08-07 14:45:28', NULL, 0),
(507, '0', '0', '0', '2024-08-07 14:45:30', NULL, 0),
(508, '0', '0', '144', '2024-08-07 14:45:32', NULL, 0),
(509, '0', '0', '173', '2024-08-07 14:45:34', NULL, 0),
(510, '0', '0', '0', '2024-08-07 14:45:36', NULL, 0),
(511, '0', '0', '31', '2024-08-07 14:45:38', NULL, 0),
(512, '0', '0', '124', '2024-08-07 14:45:40', NULL, 0),
(513, '0', '0', '64', '2024-08-07 14:45:42', NULL, 0),
(514, '0', '0', '38', '2024-08-07 14:45:44', NULL, 0),
(515, '0', '0', '45', '2024-08-07 14:45:46', NULL, 0),
(516, '0', '0', '0', '2024-08-07 14:45:48', NULL, 0),
(517, '0', '0', '0', '2024-08-07 14:45:50', NULL, 0),
(518, '0', '0', '21', '2024-08-07 14:45:52', NULL, 0),
(519, '0', '0', '82', '2024-08-07 14:45:54', NULL, 0),
(520, '0', '0', '0', '2024-08-07 14:45:56', NULL, 0),
(521, '0', '0', '9', '2024-08-07 14:45:58', NULL, 0),
(522, '0', '0', '46', '2024-08-07 14:46:00', NULL, 0),
(523, '0', '0', '0', '2024-08-07 14:46:02', NULL, 0),
(524, '0', '0', '90', '2024-08-07 14:46:04', NULL, 0),
(525, '0', '0', '86', '2024-08-07 14:46:06', NULL, 0),
(526, '0', '0', '0', '2024-08-07 14:46:08', NULL, 0),
(527, '0', '0', '0', '2024-08-07 14:46:10', NULL, 0),
(528, '0', '0', '0', '2024-08-07 14:46:12', NULL, 0),
(529, '0', '0', '7', '2024-08-07 14:48:24', NULL, 0),
(530, '0', '0', '193', '2024-08-07 14:48:26', NULL, 0),
(531, '0', '0', '53', '2024-08-07 14:48:28', NULL, 0),
(532, '0', '0', '194', '2024-08-07 14:48:48', NULL, 0),
(533, '0', '0', '54', '2024-08-07 14:48:50', NULL, 0),
(534, '0', '0', '173', '2024-08-07 14:48:52', NULL, 0),
(535, '0', '0', '81', '2024-08-07 14:48:54', NULL, 0),
(536, '0', '0', '114', '2024-08-07 14:48:56', NULL, 0),
(537, '0', '0', '161', '2024-08-07 14:48:58', NULL, 0),
(538, '0', '0', '85', '2024-08-07 14:49:00', NULL, 0),
(539, '0', '0', '384', '2024-08-07 14:49:02', NULL, 0),
(540, '2', '0', '112', '2024-08-07 14:49:04', NULL, 0),
(541, '31', '0', '208', '2024-08-07 14:49:06', NULL, 0),
(542, '41', '97', '146', '2024-08-07 14:49:08', NULL, 0),
(543, '66', '97', '89', '2024-08-07 14:49:10', NULL, 0),
(544, '77', '98', '208', '2024-08-07 14:49:12', NULL, 0),
(545, '76', '97', '266', '2024-08-07 14:49:14', NULL, 0),
(546, '62', '98', '0', '2024-08-07 14:49:16', NULL, 0),
(547, '0', '0', '128', '2024-08-07 14:49:18', NULL, 0),
(548, '54', '0', '106', '2024-08-07 14:49:20', NULL, 0),
(549, '41', '96', '0', '2024-08-07 14:49:22', NULL, 0),
(550, '56', '96', '64', '2024-08-07 14:49:24', NULL, 0),
(551, '77', '97', '4', '2024-08-07 14:49:26', NULL, 0),
(552, '74', '98', '207', '2024-08-07 14:49:28', NULL, 0),
(553, '75', '98', '192', '2024-08-07 14:49:30', NULL, 0),
(554, '0', '0', '39', '2024-08-07 14:49:32', NULL, 0),
(555, '0', '0', '0', '2024-08-07 14:49:34', NULL, 0),
(556, '0', '0', '79', '2024-08-07 14:49:36', NULL, 0),
(557, '0', '0', '125', '2024-08-07 14:49:38', NULL, 0),
(558, '0', '0', '98', '2024-08-07 14:49:40', NULL, 0),
(559, '0', '0', '0', '2024-08-07 14:49:42', NULL, 0),
(560, '0', '0', '178', '2024-08-07 14:49:44', NULL, 0),
(561, '0', '0', '211', '2024-08-07 14:49:46', NULL, 0),
(562, '0', '0', '305', '2024-08-07 14:49:48', NULL, 0),
(563, '0', '0', '0', '2024-08-07 14:49:50', NULL, 0),
(564, '0', '0', '93', '2024-08-07 14:49:52', NULL, 0),
(565, '4', '0', '55', '2024-08-07 14:49:54', NULL, 0),
(566, '34', '97', '303', '2024-08-07 14:49:56', NULL, 0),
(567, '56', '97', '128', '2024-08-07 14:49:58', NULL, 0),
(568, '63', '97', '31', '2024-08-07 14:50:00', NULL, 0),
(569, '72', '97', '17', '2024-08-07 14:50:02', NULL, 0),
(570, '82', '98', '0', '2024-08-07 14:50:04', NULL, 0),
(571, '73', '98', '0', '2024-08-07 14:50:06', NULL, 0),
(572, '64', '98', '146', '2024-08-07 14:50:08', NULL, 0),
(573, '66', '97', '145', '2024-08-07 14:50:10', NULL, 0),
(574, '64', '98', '333', '2024-08-07 14:50:13', NULL, 0),
(575, '70', '98', '156', '2024-08-07 14:50:14', NULL, 0),
(576, '71', '98', '115', '2024-08-07 14:50:17', NULL, 0),
(577, '73', '98', '0', '2024-08-07 14:50:18', NULL, 0),
(578, '71', '98', '182', '2024-08-07 14:50:20', NULL, 0),
(579, '56', '94', '0', '2024-08-07 14:50:23', NULL, 0),
(580, '0', '0', '2095', '2024-08-07 14:50:24', NULL, 0),
(581, '0', '0', '330', '2024-08-07 14:50:27', NULL, 0),
(582, '0', '0', '1020', '2024-08-07 14:50:29', NULL, 0),
(583, '0', '0', '2161', '2024-08-07 14:50:30', NULL, 0),
(584, '0', '0', '2193', '2024-08-07 14:50:32', NULL, 0),
(585, '0', '0', '2176', '2024-08-07 14:50:34', NULL, 0),
(586, '0', '0', '2217', '2024-08-07 14:50:36', NULL, 0),
(587, '0', '0', '2116', '2024-08-07 14:50:38', NULL, 0),
(588, '0', '0', '2152', '2024-08-07 14:50:41', NULL, 0),
(589, '0', '0', '2111', '2024-08-07 14:50:42', NULL, 0),
(590, '0', '0', '1901', '2024-08-07 14:50:45', NULL, 0),
(591, '0', '0', '863', '2024-08-07 14:50:47', NULL, 0),
(592, '0', '0', '2155', '2024-08-07 14:50:48', NULL, 0),
(593, '0', '0', '2178', '2024-08-07 14:50:50', NULL, 0),
(594, '0', '0', '1023', '2024-08-07 14:50:52', NULL, 0),
(595, '0', '0', '2144', '2024-08-07 14:50:54', NULL, 0),
(596, '0', '0', '2165', '2024-08-07 14:50:56', NULL, 0),
(597, '0', '0', '931', '2024-08-07 14:50:59', NULL, 0),
(598, '0', '0', '1662', '2024-08-07 14:51:01', NULL, 0),
(599, '0', '0', '2151', '2024-08-07 14:51:02', NULL, 0),
(600, '0', '0', '1892', '2024-08-07 14:51:05', NULL, 0),
(601, '0', '0', '825', '2024-08-07 14:51:06', NULL, 0),
(602, '0', '0', '2091', '2024-08-07 14:51:09', NULL, 0),
(603, '0', '0', '2113', '2024-08-07 14:51:10', NULL, 0),
(604, '0', '0', '880', '2024-08-07 14:51:12', NULL, 0),
(605, '0', '0', '2106', '2024-08-07 14:51:14', NULL, 0),
(606, '0', '0', '1997', '2024-08-07 14:51:16', NULL, 0),
(607, '0', '0', '1329', '2024-08-07 14:51:19', NULL, 0),
(608, '0', '0', '1590', '2024-08-07 14:51:20', NULL, 0),
(609, '0', '0', '2096', '2024-08-07 14:51:22', NULL, 0),
(610, '0', '0', '2087', '2024-08-07 14:51:24', NULL, 0),
(611, '0', '0', '2071', '2024-08-07 14:51:26', NULL, 0),
(612, '0', '0', '2087', '2024-08-07 14:51:29', NULL, 0),
(613, '0', '0', '0', '2024-08-07 14:51:31', NULL, 0),
(614, '0', '0', '2621', '2024-08-07 14:51:33', NULL, 0),
(615, '1', '0', '2752', '2024-08-07 14:51:37', NULL, 0),
(616, '0', '0', '1575', '2024-08-07 14:51:37', NULL, 0),
(617, '52', '0', '395', '2024-08-07 14:51:38', NULL, 0),
(618, '67', '97', '2624', '2024-08-07 14:51:41', NULL, 0),
(619, '67', '97', '2766', '2024-08-07 14:51:42', NULL, 0),
(620, '67', '98', '31', '2024-08-07 14:51:45', NULL, 0),
(621, '71', '98', '2493', '2024-08-07 14:51:47', NULL, 0),
(622, '69', '96', '2046', '2024-08-07 14:51:49', NULL, 0),
(623, '60', '95', '75', '2024-08-07 14:51:51', NULL, 0),
(624, '0', '0', '1947', '2024-08-07 14:51:53', NULL, 0),
(625, '0', '0', '1018', '2024-08-07 14:51:55', NULL, 0),
(626, '0', '0', '2160', '2024-08-07 14:51:57', NULL, 0),
(627, '0', '0', '2171', '2024-08-07 14:51:59', NULL, 0),
(628, '0', '0', '2176', '2024-08-07 14:52:01', NULL, 0),
(629, '0', '0', '2060', '2024-08-07 14:52:03', NULL, 0),
(630, '0', '0', '1206', '2024-08-07 14:52:05', NULL, 0),
(631, '0', '0', '2118', '2024-08-07 14:52:07', NULL, 0),
(632, '0', '0', '2083', '2024-08-07 14:52:09', NULL, 0),
(633, '0', '0', '1867', '2024-08-07 14:52:11', NULL, 0),
(634, '0', '0', '1386', '2024-08-07 14:52:13', NULL, 0),
(635, '0', '0', '2217', '2024-08-07 14:52:15', NULL, 0),
(636, '0', '0', '1975', '2024-08-07 14:52:17', NULL, 0),
(637, '0', '0', '1117', '2024-08-07 14:52:19', NULL, 0),
(638, '0', '0', '2146', '2024-08-07 14:52:21', NULL, 0),
(639, '0', '0', '2192', '2024-08-07 14:52:23', NULL, 0),
(640, '0', '0', '2169', '2024-08-07 14:52:25', NULL, 0),
(641, '0', '0', '1780', '2024-08-07 14:52:27', NULL, 0),
(642, '0', '0', '2263', '2024-08-07 14:52:29', NULL, 0),
(643, '0', '0', '2091', '2024-08-07 14:52:31', NULL, 0),
(644, '0', '0', '592', '2024-08-07 14:52:33', NULL, 0),
(645, '0', '0', '2192', '2024-08-07 14:52:36', NULL, 0),
(646, '0', '0', '1056', '2024-08-07 14:52:37', NULL, 0),
(647, '0', '0', '2113', '2024-08-07 14:52:39', NULL, 0),
(648, '0', '0', '2065', '2024-08-07 14:52:41', NULL, 0),
(649, '0', '0', '1870', '2024-08-07 14:52:43', NULL, 0),
(650, '0', '0', '2090', '2024-08-07 14:52:45', NULL, 0),
(651, '0', '0', '178', '2024-08-07 14:52:47', NULL, 0),
(652, '0', '0', '34', '2024-08-07 14:52:49', NULL, 0),
(653, '0', '0', '932', '2024-08-07 14:52:51', NULL, 0),
(654, '0', '0', '2095', '2024-08-07 14:52:53', NULL, 0),
(655, '0', '0', '144', '2024-08-07 14:52:55', NULL, 0),
(656, '0', '0', '2010', '2024-08-07 14:52:57', NULL, 0),
(657, '0', '0', '1103', '2024-08-07 14:52:59', NULL, 0),
(658, '0', '0', '1061', '2024-08-07 14:53:01', NULL, 0),
(659, '0', '0', '1776', '2024-08-07 14:53:03', NULL, 0),
(660, '0', '0', '2624', '2024-08-07 14:53:05', NULL, 0),
(661, '0', '0', '28', '2024-08-07 14:53:07', NULL, 0),
(662, '0', '0', '2733', '2024-08-07 14:53:09', NULL, 0),
(663, '0', '0', '2529', '2024-08-07 14:53:11', NULL, 0),
(664, '0', '0', '2589', '2024-08-07 14:53:13', NULL, 0),
(665, '0', '0', '2211', '2024-08-07 14:53:15', NULL, 0),
(666, '0', '0', '2559', '2024-08-07 14:53:17', NULL, 0),
(667, '0', '0', '2031', '2024-08-07 14:53:19', NULL, 0),
(668, '0', '0', '35', '2024-08-07 14:53:21', NULL, 0),
(669, '0', '0', '2029', '2024-08-07 14:53:23', NULL, 0),
(670, '0', '0', '2594', '2024-08-07 14:53:25', NULL, 0),
(671, '0', '0', '2095', '2024-08-07 14:53:27', NULL, 0),
(672, '0', '0', '64', '2024-08-07 14:53:29', NULL, 0),
(673, '0', '0', '1998', '2024-08-07 14:53:31', NULL, 0),
(674, '0', '0', '2137', '2024-08-07 14:53:33', NULL, 0),
(675, '0', '0', '2076', '2024-08-07 14:53:35', NULL, 0),
(676, '0', '0', '1424', '2024-08-07 14:53:37', NULL, 0),
(677, '0', '0', '297', '2024-08-07 14:53:39', NULL, 0),
(678, '0', '0', '2587', '2024-08-07 14:53:41', NULL, 0),
(679, '0', '0', '114', '2024-08-07 14:53:43', NULL, 0),
(680, '0', '0', '0', '2024-08-07 14:53:45', NULL, 0),
(681, '0', '0', '54', '2024-08-07 14:53:47', NULL, 0),
(682, '0', '0', '0', '2024-08-07 14:53:49', NULL, 0),
(683, '0', '0', '0', '2024-08-07 14:53:51', NULL, 0),
(684, '0', '0', '6', '2024-08-07 14:53:53', NULL, 0),
(685, '0', '0', '31', '2024-08-07 14:53:55', NULL, 0),
(686, '0', '0', '0', '2024-08-07 14:53:57', NULL, 0),
(687, '0', '0', '166', '2024-08-07 14:53:59', NULL, 0),
(688, '0', '0', '30', '2024-08-07 14:54:01', NULL, 0),
(689, '0', '0', '2096', '2024-08-07 14:54:03', NULL, 0),
(690, '0', '0', '2096', '2024-08-07 14:54:05', NULL, 0),
(691, '0', '0', '2033', '2024-08-07 14:54:07', NULL, 0),
(692, '0', '0', '2002', '2024-08-07 14:54:09', NULL, 0),
(693, '0', '0', '2047', '2024-08-07 14:54:11', NULL, 0),
(694, '0', '0', '1973', '2024-08-07 14:54:13', NULL, 0),
(695, '2', '0', '2055', '2024-08-07 14:54:15', NULL, 0),
(696, '0', '0', '1938', '2024-08-07 14:54:17', NULL, 0),
(697, '27', '0', '1985', '2024-08-07 14:54:19', NULL, 0),
(698, '43', '95', '1919', '2024-08-07 14:54:21', NULL, 0),
(699, '59', '95', '2053', '2024-08-07 14:54:23', NULL, 0),
(700, '67', '97', '1929', '2024-08-07 14:54:25', NULL, 0),
(701, '40', '97', '2054', '2024-08-07 14:54:27', NULL, 0),
(702, '64', '96', '1876', '2024-08-07 14:54:29', NULL, 0),
(703, '58', '96', '1986', '2024-08-07 14:54:31', NULL, 0),
(704, '46', '96', '2047', '2024-08-07 14:54:33', NULL, 0),
(705, '75', '96', '1971', '2024-08-07 14:54:35', NULL, 0),
(706, '46', '96', '2035', '2024-08-07 14:54:37', NULL, 0),
(707, '45', '96', '1954', '2024-08-07 14:54:39', NULL, 0),
(708, '0', '0', '2111', '2024-08-07 14:54:41', NULL, 0),
(709, '73', '97', '1934', '2024-08-07 14:54:43', NULL, 0),
(710, '75', '97', '1955', '2024-08-07 14:54:45', NULL, 0),
(711, '78', '98', '1968', '2024-08-07 14:54:47', NULL, 0),
(712, '101', '0', '1987', '2024-08-07 14:54:49', NULL, 0),
(713, '0', '0', '2019', '2024-08-07 14:54:51', NULL, 0),
(714, '0', '0', '1949', '2024-08-07 14:54:53', NULL, 0),
(715, '0', '0', '2025', '2024-08-07 14:54:57', NULL, 0),
(716, '0', '0', '2080', '2024-08-07 14:54:57', NULL, 0),
(717, '0', '0', '2013', '2024-08-07 14:54:59', NULL, 0),
(718, '0', '0', '2013', '2024-08-07 14:55:01', NULL, 0),
(719, '0', '0', '48', '2024-08-08 03:53:09', NULL, 0),
(720, '0', '0', '84', '2024-08-08 03:53:11', NULL, 0),
(721, '0', '0', '322', '2024-08-08 03:53:13', NULL, 0),
(722, '0', '0', '301', '2024-08-08 03:53:15', NULL, 0),
(723, '0', '0', '317', '2024-08-08 03:53:17', NULL, 0),
(724, '0', '0', '319', '2024-08-08 03:53:19', NULL, 0),
(725, '0', '0', '325', '2024-08-08 03:53:21', NULL, 0),
(726, '0', '0', '315', '2024-08-08 03:53:23', NULL, 0),
(727, '0', '0', '121', '2024-08-08 03:53:25', NULL, 0),
(728, '0', '0', '311', '2024-08-08 03:53:27', NULL, 0),
(729, '0', '0', '307', '2024-08-08 03:53:29', NULL, 0),
(730, '1', '0', '351', '2024-08-08 03:53:31', NULL, 0),
(731, '52', '0', '368', '2024-08-08 03:53:33', NULL, 0),
(732, '37', '94', '59', '2024-08-08 03:53:35', NULL, 0),
(733, '50', '94', '359', '2024-08-08 03:53:37', NULL, 0),
(734, '38', '0', '314', '2024-08-08 03:53:39', NULL, 0),
(735, '39', '0', '143', '2024-08-08 03:53:42', NULL, 0),
(736, '51', '0', '311', '2024-08-08 03:53:44', NULL, 0),
(737, '0', '0', '384', '2024-08-08 03:53:45', NULL, 0),
(738, '0', '0', '114', '2024-08-08 03:53:47', NULL, 0),
(739, '0', '0', '359', '2024-08-08 03:53:49', NULL, 0),
(740, '0', '0', '401', '2024-08-08 03:53:51', NULL, 0),
(741, '0', '0', '301', '2024-08-08 03:53:53', NULL, 0),
(742, '0', '0', '304', '2024-08-08 03:53:55', NULL, 0),
(743, '0', '0', '314', '2024-08-08 03:53:57', NULL, 0),
(744, '0', '0', '421', '2024-08-08 03:53:59', NULL, 0),
(745, '0', '0', '95', '2024-08-08 03:54:01', NULL, 0),
(746, '0', '0', '62', '2024-08-08 03:54:04', NULL, 0),
(747, '0', '0', '450', '2024-08-08 03:54:05', NULL, 0),
(748, '0', '0', '371', '2024-08-08 03:54:07', NULL, 0),
(749, '0', '0', '118', '2024-08-08 03:54:09', NULL, 0),
(750, '0', '0', '3865', '2024-08-08 03:54:12', NULL, 0),
(751, '0', '0', '4022', '2024-08-08 03:54:13', NULL, 0),
(752, '0', '0', '4058', '2024-08-08 03:54:15', NULL, 0),
(753, '0', '0', '0', '2024-08-08 03:54:17', NULL, 0),
(754, '0', '0', '4069', '2024-08-08 03:54:19', NULL, 0),
(755, '0', '0', '4095', '2024-08-08 03:54:21', NULL, 0),
(756, '0', '0', '4075', '2024-08-08 03:54:23', NULL, 0),
(757, '0', '0', '4095', '2024-08-08 03:54:26', NULL, 0),
(758, '0', '0', '1863', '2024-08-08 03:54:27', NULL, 0),
(759, '0', '0', '1874', '2024-08-08 03:54:30', NULL, 0),
(760, '0', '0', '1884', '2024-08-08 03:54:32', NULL, 0),
(761, '0', '0', '2012', '2024-08-08 03:54:33', NULL, 0),
(762, '0', '0', '1841', '2024-08-08 03:54:35', NULL, 0),
(763, '0', '0', '2014', '2024-08-08 03:54:37', NULL, 0),
(764, '0', '0', '1922', '2024-08-08 03:54:39', NULL, 0),
(765, '0', '0', '1898', '2024-08-08 03:54:42', NULL, 0),
(766, '0', '0', '1835', '2024-08-08 03:54:43', NULL, 0),
(767, '0', '0', '1899', '2024-08-08 03:54:46', NULL, 0),
(768, '0', '0', '1254', '2024-08-08 03:54:48', NULL, 0),
(769, '0', '0', '926', '2024-08-08 03:54:50', NULL, 0),
(770, '0', '0', '3897', '2024-08-08 03:54:51', NULL, 0),
(771, '0', '0', '3015', '2024-08-08 03:54:53', NULL, 0),
(772, '0', '0', '3874', '2024-08-08 03:54:56', NULL, 0),
(773, '0', '0', '4095', '2024-08-08 03:54:57', NULL, 0),
(774, '0', '0', '681', '2024-08-08 03:54:59', NULL, 0),
(775, '0', '0', '9', '2024-08-08 03:55:01', NULL, 0),
(776, '0', '0', '0', '2024-08-08 03:55:03', NULL, 0),
(777, '0', '0', '1949', '2024-08-08 03:55:06', NULL, 0),
(778, '1', '0', '1858', '2024-08-08 03:55:08', NULL, 0),
(779, '7', '94', '4029', '2024-08-08 03:55:09', NULL, 0),
(780, '54', '94', '4077', '2024-08-08 03:55:12', NULL, 0),
(781, '0', '0', '1465', '2024-08-08 03:55:14', NULL, 0),
(782, '0', '0', '3058', '2024-08-08 03:55:16', NULL, 0),
(783, '0', '0', '2872', '2024-08-08 03:55:18', NULL, 0),
(784, '0', '0', '2902', '2024-08-08 03:55:20', NULL, 0),
(785, '0', '0', '3018', '2024-08-08 03:55:22', NULL, 0),
(786, '0', '0', '2853', '2024-08-08 03:55:24', NULL, 0),
(787, '0', '0', '1631', '2024-08-08 03:55:26', NULL, 0),
(788, '0', '0', '1809', '2024-08-08 03:55:28', NULL, 0),
(789, '0', '0', '2109', '2024-08-08 03:55:30', NULL, 0),
(790, '0', '0', '3742', '2024-08-08 03:55:32', NULL, 0),
(791, '0', '0', '3232', '2024-08-08 03:55:34', NULL, 0),
(792, '0', '0', '2550', '2024-08-08 03:55:36', NULL, 0),
(793, '0', '0', '2990', '2024-08-08 03:55:38', NULL, 0),
(794, '0', '0', '2691', '2024-08-08 03:55:40', NULL, 0),
(795, '0', '0', '2608', '2024-08-08 03:55:42', NULL, 0),
(796, '0', '0', '1584', '2024-08-08 03:55:44', NULL, 0),
(797, '0', '0', '656', '2024-08-08 03:55:46', NULL, 0),
(798, '0', '0', '2657', '2024-08-08 03:55:48', NULL, 0),
(799, '0', '0', '545', '2024-08-08 03:55:50', NULL, 0),
(800, '0', '0', '4095', '2024-08-08 03:55:52', NULL, 0),
(801, '0', '0', '2833', '2024-08-08 03:55:54', NULL, 0),
(802, '0', '0', '1055', '2024-08-08 03:56:03', NULL, 0),
(803, '41', '0', '0', '2024-08-08 03:56:03', NULL, 0),
(804, '0', '0', '1706', '2024-08-08 03:56:04', NULL, 0),
(805, '21', '0', '1635', '2024-08-08 03:56:06', NULL, 0),
(806, '30', '0', '3429', '2024-08-08 03:56:08', NULL, 0),
(807, '37', '0', '3415', '2024-08-08 03:56:10', NULL, 0),
(808, '43', '0', '3456', '2024-08-08 03:56:12', NULL, 0),
(809, '49', '0', '1252', '2024-08-08 03:56:14', NULL, 0),
(810, '36', '0', '3447', '2024-08-08 03:56:16', NULL, 0),
(811, '41', '94', '3422', '2024-08-08 03:56:18', NULL, 0),
(812, '0', '0', '3459', '2024-08-08 03:56:20', NULL, 0),
(813, '35', '0', '3453', '2024-08-08 03:56:22', NULL, 0),
(814, '73', '93', '3438', '2024-08-08 03:56:24', NULL, 0),
(815, '34', '0', '3440', '2024-08-08 03:56:26', NULL, 0),
(816, '52', '0', '3440', '2024-08-08 03:56:28', NULL, 0),
(817, '43', '0', '3468', '2024-08-08 03:56:30', NULL, 0),
(818, '46', '0', '3439', '2024-08-08 03:56:32', NULL, 0),
(819, '0', '0', '3489', '2024-08-08 03:56:34', NULL, 0),
(820, '19', '0', '3483', '2024-08-08 03:56:36', NULL, 0),
(821, '49', '94', '3317', '2024-08-08 03:56:38', NULL, 0),
(822, '40', '94', '3263', '2024-08-08 03:56:40', NULL, 0),
(823, '37', '94', '3421', '2024-08-08 03:56:42', NULL, 0),
(824, '37', '0', '98', '2024-08-08 03:56:44', NULL, 0),
(825, '53', '96', '3323', '2024-08-08 03:56:46', NULL, 0),
(826, '0', '0', '3297', '2024-08-08 03:56:48', NULL, 0),
(827, '70', '0', '3459', '2024-08-08 03:56:50', NULL, 0),
(828, '37', '96', '3290', '2024-08-08 03:56:52', NULL, 0),
(829, '41', '0', '3323', '2024-08-08 03:56:54', NULL, 0),
(830, '63', '96', '3450', '2024-08-08 03:56:56', NULL, 0),
(831, '65', '96', '3403', '2024-08-08 03:56:58', NULL, 0),
(832, '0', '0', '3390', '2024-08-08 03:57:00', NULL, 0),
(833, '0', '0', '3455', '2024-08-08 03:57:02', NULL, 0),
(834, '27', '0', '3440', '2024-08-08 03:57:04', NULL, 0),
(835, '0', '0', '3327', '2024-08-08 03:57:06', NULL, 0),
(836, '44', '0', '3379', '2024-08-08 03:57:08', NULL, 0),
(837, '46', '0', '3457', '2024-08-08 03:57:10', NULL, 0),
(838, '53', '95', '3342', '2024-08-08 03:57:12', NULL, 0),
(839, '42', '95', '3377', '2024-08-08 03:57:14', NULL, 0),
(840, '68', '95', '3373', '2024-08-08 03:57:16', NULL, 0),
(841, '67', '95', '3349', '2024-08-08 03:57:18', NULL, 0),
(842, '39', '0', '3312', '2024-08-08 03:57:20', NULL, 0),
(843, '35', '0', '3376', '2024-08-08 03:57:22', NULL, 0),
(844, '0', '0', '3357', '2024-08-08 03:57:24', NULL, 0),
(845, '40', '0', '3303', '2024-08-08 03:57:26', NULL, 0),
(846, '0', '0', '2127', '2024-08-08 03:57:47', NULL, 0),
(847, '0', '0', '1886', '2024-08-08 03:57:52', NULL, 0),
(848, '21', '0', '2263', '2024-08-08 03:57:52', NULL, 0),
(849, '0', '0', '1984', '2024-08-08 03:57:53', NULL, 0),
(850, '0', '0', '1984', '2024-08-08 03:57:55', NULL, 0),
(851, '0', '0', '1719', '2024-08-08 03:57:57', NULL, 0),
(852, '0', '0', '2283', '2024-08-08 03:57:59', NULL, 0),
(853, '0', '0', '1728', '2024-08-08 03:58:01', NULL, 0),
(854, '0', '0', '1957', '2024-08-08 03:58:03', NULL, 0),
(855, '7', '0', '1711', '2024-08-08 03:58:05', NULL, 0),
(856, '14', '0', '1979', '2024-08-08 03:58:07', NULL, 0),
(857, '0', '0', '2209', '2024-08-08 03:58:09', NULL, 0),
(858, '53', '0', '1904', '2024-08-08 03:58:11', NULL, 0),
(859, '44', '94', '2022', '2024-08-08 03:58:13', NULL, 0),
(860, '36', '94', '2304', '2024-08-08 03:58:15', NULL, 0),
(861, '0', '0', '1935', '2024-08-08 03:58:17', NULL, 0),
(862, '36', '0', '1957', '2024-08-08 03:58:19', NULL, 0),
(863, '48', '0', '1833', '2024-08-08 03:58:21', NULL, 0),
(864, '168', '93', '2087', '2024-08-08 03:58:23', NULL, 0),
(865, '102', '93', '1753', '2024-08-08 03:58:25', NULL, 0),
(866, '0', '0', '1726', '2024-08-08 03:58:27', NULL, 0),
(867, '46', '0', '1806', '2024-08-08 03:58:29', NULL, 0),
(868, '78', '95', '2037', '2024-08-08 03:58:31', NULL, 0),
(869, '0', '0', '2178', '2024-08-08 03:58:33', NULL, 0),
(870, '28', '0', '1900', '2024-08-08 03:58:35', NULL, 0),
(871, '53', '0', '2011', '2024-08-08 03:58:37', NULL, 0),
(872, '0', '0', '1955', '2024-08-08 03:58:39', NULL, 0),
(873, '38', '0', '1943', '2024-08-08 03:58:41', NULL, 0),
(874, '37', '0', '1999', '2024-08-08 03:58:43', NULL, 0),
(875, '0', '0', '1844', '2024-08-08 03:58:45', NULL, 0),
(876, '0', '0', '2083', '2024-08-08 03:58:47', NULL, 0),
(877, '0', '0', '1904', '2024-08-08 03:58:49', NULL, 0),
(878, '0', '0', '1755', '2024-08-08 03:58:51', NULL, 0),
(879, '0', '0', '1911', '2024-08-08 03:58:53', NULL, 0),
(880, '0', '0', '2069', '2024-08-08 03:58:55', NULL, 0),
(881, '0', '0', '2013', '2024-08-08 03:58:57', NULL, 0),
(882, '6', '0', '1904', '2024-08-08 03:58:59', NULL, 0),
(883, '0', '0', '2165', '2024-08-08 03:59:01', NULL, 0),
(884, '28', '0', '2260', '2024-08-08 03:59:03', NULL, 0),
(885, '73', '93', '1759', '2024-08-08 03:59:05', NULL, 0),
(886, '89', '94', '1935', '2024-08-08 03:59:07', NULL, 0),
(887, '71', '94', '1909', '2024-08-08 03:59:09', NULL, 0),
(888, '95', '94', '1809', '2024-08-08 03:59:11', NULL, 0),
(889, '91', '93', '1926', '2024-08-08 03:59:13', NULL, 0),
(890, '46', '93', '13', '2024-08-08 03:59:15', NULL, 0),
(891, '62', '93', '1876', '2024-08-08 03:59:17', NULL, 0),
(892, '0', '0', '1903', '2024-08-08 03:59:19', NULL, 0),
(893, '0', '0', '1841', '2024-08-08 03:59:21', NULL, 0),
(894, '0', '0', '3646', '2024-08-08 03:59:24', NULL, 0),
(895, '0', '0', '3574', '2024-08-08 03:59:25', NULL, 0),
(896, '0', '0', '3571', '2024-08-08 03:59:28', NULL, 0),
(897, '0', '0', '243', '2024-08-08 03:59:29', NULL, 0),
(898, '0', '0', '3601', '2024-08-08 03:59:31', NULL, 0),
(899, '0', '0', '46', '2024-08-08 03:59:33', NULL, 0),
(900, '0', '0', '1856', '2024-08-08 03:59:35', NULL, 0),
(901, '0', '0', '2121', '2024-08-08 03:59:37', NULL, 0),
(902, '0', '0', '3545', '2024-08-08 03:59:39', NULL, 0),
(903, '0', '0', '3527', '2024-08-08 03:59:41', NULL, 0),
(904, '0', '0', '0', '2024-08-08 03:59:44', NULL, 0),
(905, '0', '0', '110', '2024-08-08 03:59:45', NULL, 0),
(906, '0', '0', '330', '2024-08-08 03:59:47', NULL, 0),
(907, '0', '0', '1805', '2024-08-08 03:59:49', NULL, 0),
(908, '0', '0', '3661', '2024-08-08 03:59:51', NULL, 0),
(909, '0', '0', '3663', '2024-08-08 03:59:54', NULL, 0),
(910, '0', '0', '3648', '2024-08-08 03:59:55', NULL, 0),
(911, '0', '0', '1881', '2024-08-08 03:59:57', NULL, 0),
(912, '0', '0', '3675', '2024-08-08 03:59:59', NULL, 0),
(913, '0', '0', '1893', '2024-08-08 04:00:02', NULL, 0),
(914, '0', '0', '2029', '2024-08-08 04:00:03', NULL, 0),
(915, '0', '0', '234', '2024-08-08 04:00:05', NULL, 0),
(916, '0', '0', '1591', '2024-08-08 04:00:07', NULL, 0),
(917, '0', '0', '3674', '2024-08-08 04:00:09', NULL, 0);
INSERT INTO `raw_health_records` (`health_record_id`, `heart_rate`, `spo2`, `ecg`, `created_at`, `updated_at`, `is_delete`) VALUES
(918, '0', '0', '1634', '2024-08-08 04:00:12', NULL, 0),
(919, '0', '0', '3632', '2024-08-08 04:00:14', NULL, 0),
(920, '0', '0', '3595', '2024-08-08 04:00:15', NULL, 0),
(921, '0', '0', '1803', '2024-08-08 04:00:17', NULL, 0),
(922, '0', '0', '2186', '2024-08-08 04:00:19', NULL, 0),
(923, '0', '0', '1773', '2024-08-08 04:00:22', NULL, 0),
(924, '0', '0', '1937', '2024-08-08 04:00:24', NULL, 0),
(925, '0', '0', '1890', '2024-08-08 04:00:26', NULL, 0),
(926, '0', '0', '1741', '2024-08-08 04:00:27', NULL, 0),
(927, '0', '0', '84', '2024-08-08 04:00:30', NULL, 0),
(928, '0', '0', '442', '2024-08-08 04:00:32', NULL, 0),
(929, '0', '0', '2014', '2024-08-08 04:00:34', NULL, 0),
(930, '3', '0', '1693', '2024-08-08 04:00:36', NULL, 0),
(931, '0', '0', '1831', '2024-08-08 04:00:38', NULL, 0),
(932, '23', '0', '1819', '2024-08-08 04:00:40', NULL, 0),
(933, '39', '0', '932', '2024-08-08 04:00:42', NULL, 0),
(934, '0', '0', '2031', '2024-08-08 04:00:43', NULL, 0),
(935, '31', '0', '1702', '2024-08-08 04:00:46', NULL, 0),
(936, '0', '0', '1879', '2024-08-08 04:00:48', NULL, 0),
(937, '39', '0', '1839', '2024-08-08 04:00:50', NULL, 0),
(938, '33', '0', '1613', '2024-08-08 04:00:52', NULL, 0),
(939, '66', '94', '1847', '2024-08-08 04:00:54', NULL, 0),
(940, '61', '94', '1822', '2024-08-08 04:00:56', NULL, 0),
(941, '41', '94', '2074', '2024-08-08 04:00:58', NULL, 0),
(942, '49', '0', '1622', '2024-08-08 04:01:00', NULL, 0),
(943, '0', '0', '1919', '2024-08-08 04:01:02', NULL, 0),
(944, '0', '0', '1851', '2024-08-08 04:01:04', NULL, 0),
(945, '0', '0', '1773', '2024-08-08 04:01:06', NULL, 0),
(946, '0', '0', '2999', '2024-08-08 04:01:08', NULL, 0),
(947, '0', '0', '1999', '2024-08-08 04:01:17', NULL, 0),
(948, '0', '0', '2047', '2024-08-08 04:01:18', NULL, 0),
(949, '0', '0', '2193', '2024-08-08 04:01:20', NULL, 0),
(950, '0', '0', '1600', '2024-08-08 04:01:23', NULL, 0),
(951, '0', '0', '1870', '2024-08-08 04:01:25', NULL, 0),
(952, '9', '0', '1909', '2024-08-08 04:01:27', NULL, 0),
(953, '0', '0', '1903', '2024-08-08 04:01:28', NULL, 0),
(954, '50', '0', '1965', '2024-08-08 04:01:31', NULL, 0),
(955, '39', '94', '1958', '2024-08-08 04:01:33', NULL, 0),
(956, '64', '94', '1345', '2024-08-08 04:01:35', NULL, 0),
(957, '101', '93', '389', '2024-08-08 04:01:37', NULL, 0),
(958, '73', '93', '1118', '2024-08-08 04:01:39', NULL, 0),
(959, '94', '93', '2672', '2024-08-08 04:01:41', NULL, 0),
(960, '69', '93', '2452', '2024-08-08 04:01:43', NULL, 0),
(961, '65', '93', '1295', '2024-08-08 04:01:45', NULL, 0),
(962, '79', '0', '1663', '2024-08-08 04:01:47', NULL, 0),
(963, '49', '93', '1717', '2024-08-08 04:01:49', NULL, 0),
(964, '60', '0', '1791', '2024-08-08 04:01:51', NULL, 0),
(965, '45', '95', '379', '2024-08-08 04:01:53', NULL, 0),
(966, '41', '95', '3410', '2024-08-08 04:01:55', NULL, 0),
(967, '0', '0', '1851', '2024-08-08 04:01:57', NULL, 0),
(968, '0', '0', '3445', '2024-08-08 04:01:59', NULL, 0),
(969, '0', '0', '1699', '2024-08-08 04:02:01', NULL, 0),
(970, '0', '0', '1850', '2024-08-08 04:02:03', NULL, 0),
(971, '0', '0', '3479', '2024-08-08 04:02:05', NULL, 0),
(972, '0', '0', '418', '2024-08-08 04:02:07', NULL, 0),
(973, '0', '0', '1861', '2024-08-08 04:02:09', NULL, 0),
(974, '0', '0', '1989', '2024-08-08 04:02:11', NULL, 0),
(975, '0', '0', '0', '2024-08-08 04:02:13', NULL, 0),
(976, '0', '0', '0', '2024-08-08 04:02:15', NULL, 0),
(977, '0', '0', '0', '2024-08-08 04:02:17', NULL, 0),
(978, '0', '0', '0', '2024-08-08 04:02:19', NULL, 0),
(979, '0', '0', '0', '2024-08-08 04:02:21', NULL, 0),
(980, '0', '0', '0', '2024-08-08 04:02:23', NULL, 0),
(981, '0', '0', '0', '2024-08-08 04:02:25', NULL, 0),
(982, '0', '0', '0', '2024-08-08 04:02:27', NULL, 0),
(983, '0', '0', '0', '2024-08-08 04:02:29', NULL, 0),
(984, '0', '0', '0', '2024-08-08 04:02:31', NULL, 0),
(985, '0', '0', '0', '2024-08-08 04:02:33', NULL, 0),
(986, '0', '0', '15', '2024-08-08 04:02:35', NULL, 0),
(987, '0', '0', '0', '2024-08-08 04:02:37', NULL, 0),
(988, '0', '0', '0', '2024-08-08 04:02:39', NULL, 0),
(989, '0', '0', '0', '2024-08-08 04:02:41', NULL, 0),
(990, '0', '0', '0', '2024-08-08 04:02:43', NULL, 0),
(991, '0', '0', '0', '2024-08-08 04:02:45', NULL, 0),
(992, '0', '0', '0', '2024-08-08 04:02:47', NULL, 0),
(993, '0', '0', '6', '2024-08-08 04:02:49', NULL, 0),
(994, '0', '0', '0', '2024-08-08 04:02:51', NULL, 0),
(995, '0', '0', '0', '2024-08-08 04:02:53', NULL, 0),
(996, '0', '0', '0', '2024-08-08 04:02:55', NULL, 0),
(997, '0', '0', '0', '2024-08-08 04:02:57', NULL, 0),
(998, '0', '0', '0', '2024-08-08 04:02:59', NULL, 0),
(999, '0', '0', '0', '2024-08-08 04:03:01', NULL, 0),
(1000, '0', '0', '0', '2024-08-08 04:03:03', NULL, 0),
(1001, '0', '0', '0', '2024-08-08 04:03:05', NULL, 0),
(1002, '0', '0', '0', '2024-08-08 04:03:07', NULL, 0),
(1003, '0', '0', '0', '2024-08-08 04:03:09', NULL, 0),
(1004, '0', '0', '0', '2024-08-08 04:03:11', NULL, 0),
(1005, '0', '0', '2', '2024-08-08 04:03:13', NULL, 0),
(1006, '0', '0', '0', '2024-08-08 04:03:15', NULL, 0),
(1007, '0', '0', '0', '2024-08-08 04:03:17', NULL, 0),
(1008, '0', '0', '0', '2024-08-08 04:03:19', NULL, 0),
(1009, '0', '0', '0', '2024-08-08 04:03:21', NULL, 0),
(1010, '0', '0', '0', '2024-08-08 04:03:23', NULL, 0),
(1011, '0', '0', '0', '2024-08-08 04:03:25', NULL, 0),
(1012, '0', '0', '11', '2024-08-08 04:03:27', NULL, 0),
(1013, '0', '0', '0', '2024-08-08 04:03:29', NULL, 0),
(1014, '0', '0', '0', '2024-08-08 04:03:31', NULL, 0),
(1015, '0', '0', '0', '2024-08-08 04:03:33', NULL, 0),
(1016, '0', '0', '0', '2024-08-08 04:03:35', NULL, 0),
(1017, '0', '0', '9', '2024-08-08 04:03:37', NULL, 0),
(1018, '0', '0', '0', '2024-08-08 04:03:39', NULL, 0),
(1019, '0', '0', '3', '2024-08-08 04:03:41', NULL, 0),
(1020, '0', '0', '0', '2024-08-08 04:03:43', NULL, 0),
(1021, '0', '0', '0', '2024-08-08 04:03:45', NULL, 0),
(1022, '0', '0', '0', '2024-08-08 04:03:47', NULL, 0),
(1023, '0', '0', '2335', '2024-08-09 04:14:47', NULL, 0),
(1024, '0', '0', '2371', '2024-08-09 04:14:49', NULL, 0),
(1025, '0', '0', '2341', '2024-08-09 04:14:51', NULL, 0),
(1026, '0', '0', '2337', '2024-08-09 04:14:53', NULL, 0),
(1027, '0', '0', '2397', '2024-08-09 04:14:55', NULL, 0),
(1028, '0', '0', '2175', '2024-08-09 04:14:57', NULL, 0),
(1029, '0', '0', '3470', '2024-08-09 04:14:59', NULL, 0),
(1030, '0', '0', '1040', '2024-08-09 04:15:01', NULL, 0),
(1031, '0', '0', '2220', '2024-08-09 04:15:03', NULL, 0),
(1032, '0', '0', '3426', '2024-08-09 04:15:05', NULL, 0),
(1033, '0', '0', '960', '2024-08-09 04:15:07', NULL, 0),
(1034, '0', '0', '2586', '2024-08-09 04:15:09', NULL, 0),
(1035, '0', '0', '529', '2024-08-09 04:15:11', NULL, 0),
(1036, '0', '0', '734', '2024-08-09 04:15:19', NULL, 0),
(1037, '0', '0', '2339', '2024-08-09 04:15:21', NULL, 0),
(1038, '0', '0', '1957', '2024-08-09 04:15:23', NULL, 0),
(1039, '26', '0', '1979', '2024-08-09 04:15:25', NULL, 0),
(1040, '30', '108', '799', '2024-08-09 04:15:27', NULL, 0),
(1041, '40', '108', '1953', '2024-08-09 04:15:29', NULL, 0),
(1042, '77', '0', '1983', '2024-08-09 04:15:31', NULL, 0),
(1043, '103', '64', '784', '2024-08-09 04:15:33', NULL, 0),
(1044, '97', '64', '4095', '2024-08-09 04:15:35', NULL, 0),
(1045, '89', '168', '752', '2024-08-09 04:15:37', NULL, 0),
(1046, '171', '61', '1070', '2024-08-09 04:15:39', NULL, 0),
(1047, '68', '64', '3183', '2024-08-09 04:15:42', NULL, 0),
(1048, '61', '64', '2009', '2024-08-09 04:15:43', NULL, 0),
(1049, '59', '64', '769', '2024-08-09 04:15:45', NULL, 0),
(1050, '65', '64', '4016', '2024-08-09 04:15:47', NULL, 0),
(1051, '41', '95', '2538', '2024-08-09 04:15:49', NULL, 0),
(1052, '83', '222', '784', '2024-08-09 04:15:51', NULL, 0),
(1053, '95', '94', '767', '2024-08-09 04:15:53', NULL, 0),
(1054, '0', '0', '993', '2024-08-09 04:15:55', NULL, 0),
(1055, '0', '0', '4095', '2024-08-09 04:15:58', NULL, 0),
(1056, '0', '0', '784', '2024-08-09 04:16:00', NULL, 0),
(1057, '0', '0', '2013', '2024-08-09 04:16:02', NULL, 0),
(1058, '0', '0', '766', '2024-08-09 04:16:03', NULL, 0),
(1059, '0', '0', '3989', '2024-08-09 04:16:06', NULL, 0),
(1060, '0', '0', '783', '2024-08-09 04:16:07', NULL, 0),
(1061, '0', '0', '4095', '2024-08-09 04:16:10', NULL, 0),
(1062, '0', '0', '2469', '2024-08-09 04:16:12', NULL, 0),
(1063, '0', '0', '2601', '2024-08-09 04:16:13', NULL, 0),
(1064, '0', '0', '2615', '2024-08-09 04:16:15', NULL, 0),
(1065, '0', '0', '2535', '2024-08-09 04:16:17', NULL, 0),
(1066, '0', '0', '1946', '2024-08-09 04:16:20', NULL, 0),
(1067, '0', '0', '4059', '2024-08-09 04:16:22', NULL, 0),
(1068, '0', '0', '3646', '2024-08-09 04:16:24', NULL, 0),
(1069, '0', '0', '4086', '2024-08-09 04:16:26', NULL, 0),
(1070, '0', '0', '2055', '2024-08-09 04:16:27', NULL, 0),
(1071, '0', '0', '2071', '2024-08-09 04:16:30', NULL, 0),
(1072, '0', '0', '2559', '2024-08-09 04:16:32', NULL, 0),
(1073, '0', '0', '2534', '2024-08-09 04:16:33', NULL, 0),
(1074, '0', '0', '4039', '2024-08-09 04:16:36', NULL, 0),
(1075, '0', '0', '4089', '2024-08-09 04:16:38', NULL, 0),
(1076, '0', '0', '2000', '2024-08-09 04:16:40', NULL, 0),
(1077, '0', '0', '4077', '2024-08-09 04:16:41', NULL, 0),
(1078, '0', '0', '4073', '2024-08-09 04:16:44', NULL, 0),
(1079, '0', '0', '4034', '2024-08-09 04:16:46', NULL, 0),
(1080, '0', '0', '2541', '2024-08-09 04:16:48', NULL, 0),
(1081, '0', '0', '4029', '2024-08-09 04:16:50', NULL, 0),
(1082, '0', '0', '2543', '2024-08-09 04:16:52', NULL, 0),
(1083, '0', '0', '4036', '2024-08-09 04:16:54', NULL, 0),
(1084, '0', '0', '4054', '2024-08-09 04:16:56', NULL, 0),
(1085, '0', '0', '4095', '2024-08-09 04:16:58', NULL, 0),
(1086, '0', '0', '2015', '2024-08-09 04:17:00', NULL, 0),
(1087, '0', '0', '3584', '2024-08-09 04:17:02', NULL, 0),
(1088, '0', '0', '2528', '2024-08-09 04:17:04', NULL, 0),
(1089, '0', '0', '2067', '2024-08-09 04:17:06', NULL, 0),
(1090, '0', '0', '2406', '2024-08-09 04:17:08', NULL, 0),
(1091, '0', '0', '2639', '2024-08-09 04:17:10', NULL, 0),
(1092, '0', '0', '3763', '2024-08-09 04:17:12', NULL, 0),
(1093, '0', '0', '2545', '2024-08-09 04:17:15', NULL, 0),
(1094, '0', '0', '758', '2024-08-09 04:17:16', NULL, 0),
(1095, '0', '0', '4029', '2024-08-09 04:17:18', NULL, 0),
(1096, '0', '0', '4016', '2024-08-09 04:17:20', NULL, 0),
(1097, '0', '0', '2535', '2024-08-09 04:17:22', NULL, 0),
(1098, '0', '0', '4016', '2024-08-09 04:17:24', NULL, 0),
(1099, '0', '0', '2595', '2024-08-09 04:17:26', NULL, 0),
(1100, '0', '0', '4049', '2024-08-09 04:17:28', NULL, 0),
(1101, '0', '0', '3216', '2024-08-09 04:17:30', NULL, 0),
(1102, '0', '0', '2895', '2024-08-09 04:17:32', NULL, 0),
(1103, '0', '0', '749', '2024-08-09 04:17:34', NULL, 0),
(1104, '0', '0', '2528', '2024-08-09 04:17:36', NULL, 0),
(1105, '0', '0', '4027', '2024-08-09 04:17:38', NULL, 0),
(1106, '0', '0', '3001', '2024-08-09 04:17:40', NULL, 0),
(1107, '0', '0', '2544', '2024-08-09 04:17:42', NULL, 0),
(1108, '0', '0', '3519', '2024-08-09 04:17:44', NULL, 0),
(1109, '0', '0', '4095', '2024-08-09 04:17:46', NULL, 0),
(1110, '0', '0', '4095', '2024-08-09 04:17:48', NULL, 0),
(1111, '0', '0', '3134', '2024-08-09 04:17:50', NULL, 0),
(1112, '0', '0', '3007', '2024-08-09 04:17:52', NULL, 0),
(1113, '0', '0', '4068', '2024-08-09 04:17:54', NULL, 0),
(1114, '0', '0', '4062', '2024-08-09 04:17:56', NULL, 0),
(1115, '0', '0', '4065', '2024-08-09 04:17:58', NULL, 0),
(1116, '0', '0', '2512', '2024-08-09 04:18:00', NULL, 0),
(1117, '0', '0', '4055', '2024-08-09 04:18:02', NULL, 0),
(1118, '0', '0', '4041', '2024-08-09 04:18:04', NULL, 0),
(1119, '0', '0', '4034', '2024-08-09 04:18:06', NULL, 0),
(1120, '0', '0', '4025', '2024-08-09 04:18:08', NULL, 0),
(1121, '0', '0', '2544', '2024-08-09 04:18:10', NULL, 0),
(1122, '0', '0', '4014', '2024-08-09 04:18:12', NULL, 0),
(1123, '0', '0', '4025', '2024-08-09 04:18:15', NULL, 0),
(1124, '0', '0', '2533', '2024-08-09 04:18:16', NULL, 0),
(1125, '0', '0', '4010', '2024-08-09 04:18:18', NULL, 0),
(1126, '0', '0', '4022', '2024-08-09 04:18:20', NULL, 0),
(1127, '0', '0', '4021', '2024-08-09 04:18:22', NULL, 0),
(1128, '0', '0', '4018', '2024-08-09 04:18:24', NULL, 0),
(1129, '0', '0', '2543', '2024-08-09 04:18:26', NULL, 0),
(1130, '4', '95', '2539', '2024-08-09 04:18:28', NULL, 0),
(1131, '0', '0', '3952', '2024-08-09 04:18:30', NULL, 0),
(1132, '67', '64', '766', '2024-08-09 04:18:32', NULL, 0),
(1133, '98', '180', '1984', '2024-08-09 04:18:34', NULL, 0),
(1134, '102', '96', '4048', '2024-08-09 04:18:36', NULL, 0),
(1135, '101', '96', '2543', '2024-08-09 04:18:38', NULL, 0),
(1136, '98', '96', '3991', '2024-08-09 04:18:40', NULL, 0),
(1137, '89', '97', '2544', '2024-08-09 04:18:42', NULL, 0),
(1138, '90', '97', '971', '2024-08-09 04:18:44', NULL, 0),
(1139, '93', '97', '2537', '2024-08-09 04:18:46', NULL, 0),
(1140, '92', '97', '2559', '2024-08-09 04:18:48', NULL, 0),
(1141, '90', '97', '2555', '2024-08-09 04:18:50', NULL, 0),
(1142, '74', '96', '752', '2024-08-09 04:18:52', NULL, 0),
(1143, '86', '96', '2555', '2024-08-09 04:18:54', NULL, 0),
(1144, '42', '96', '4011', '2024-08-09 04:18:56', NULL, 0),
(1145, '96', '96', '2613', '2024-08-09 04:18:58', NULL, 0),
(1146, '100', '97', '1829', '2024-08-09 04:19:00', NULL, 0),
(1147, '92', '98', '4016', '2024-08-09 04:19:02', NULL, 0),
(1148, '0', '0', '2775', '2024-08-09 04:19:04', NULL, 0),
(1149, '0', '0', '3894', '2024-08-09 04:19:06', NULL, 0),
(1150, '0', '0', '1856', '2024-08-09 04:19:08', NULL, 0),
(1151, '15', '0', '2814', '2024-08-09 04:19:10', NULL, 0),
(1152, '42', '93', '944', '2024-08-09 04:19:12', NULL, 0),
(1153, '0', '0', '4095', '2024-08-09 04:19:14', NULL, 0),
(1154, '0', '0', '4095', '2024-08-09 04:19:16', NULL, 0),
(1155, '0', '0', '4095', '2024-08-09 04:19:18', NULL, 0),
(1156, '0', '0', '2843', '2024-08-09 04:19:20', NULL, 0),
(1157, '0', '0', '4095', '2024-08-09 04:19:22', NULL, 0),
(1158, '0', '0', '1582', '2024-08-09 04:19:24', NULL, 0),
(1159, '0', '0', '4095', '2024-08-09 04:19:26', NULL, 0),
(1160, '0', '0', '1336', '2024-08-09 04:19:28', NULL, 0),
(1161, '0', '0', '1332', '2024-08-09 04:19:30', NULL, 0),
(1162, '0', '0', '4095', '2024-08-09 04:19:32', NULL, 0),
(1163, '0', '0', '2105', '2024-08-09 04:19:34', NULL, 0),
(1164, '0', '0', '2110', '2024-08-09 04:19:36', NULL, 0),
(1165, '0', '0', '1022', '2024-08-09 04:19:38', NULL, 0),
(1166, '0', '0', '2000', '2024-08-09 04:19:40', NULL, 0),
(1167, '0', '0', '227', '2024-08-09 04:19:42', NULL, 0),
(1168, '0', '0', '4095', '2024-08-09 04:19:44', NULL, 0),
(1169, '0', '0', '3374', '2024-08-09 04:19:46', NULL, 0),
(1170, '0', '0', '1491', '2024-08-09 04:19:48', NULL, 0),
(1171, '0', '0', '1349', '2024-08-09 04:19:50', NULL, 0),
(1172, '83', '0', '3166', '2024-08-09 05:21:31', NULL, 0),
(1173, '83', '0', '3185', '2024-08-09 05:21:33', NULL, 0),
(1174, '83', '0', '3183', '2024-08-09 05:21:36', NULL, 0),
(1175, '84', '0', '3161', '2024-08-09 05:21:38', NULL, 0),
(1176, '81', '0', '3229', '2024-08-09 05:21:39', NULL, 0),
(1177, '83', '0', '3261', '2024-08-09 05:21:41', NULL, 0),
(1178, '82', '0', '4095', '2024-08-09 05:21:43', NULL, 0),
(1179, '82', '0', '3165', '2024-08-09 05:21:46', NULL, 0),
(1180, '82', '0', '3178', '2024-08-09 05:21:48', NULL, 0),
(1181, '82', '0', '3197', '2024-08-09 05:21:49', NULL, 0),
(1182, '81', '0', '3116', '2024-08-09 05:21:52', NULL, 0),
(1183, '81', '0', '3168', '2024-08-09 05:21:54', NULL, 0),
(1184, '80', '0', '3583', '2024-08-09 05:21:55', NULL, 0),
(1185, '80', '0', '3149', '2024-08-09 05:21:58', NULL, 0),
(1186, '81', '0', '3220', '2024-08-09 05:21:59', NULL, 0),
(1187, '82', '0', '3286', '2024-08-09 05:22:01', NULL, 0),
(1188, '80', '0', '3264', '2024-08-09 05:22:04', NULL, 0),
(1189, '82', '0', '3238', '2024-08-09 05:22:05', NULL, 0),
(1190, '80', '0', '4095', '2024-08-09 05:22:07', NULL, 0),
(1191, '81', '0', '4095', '2024-08-09 05:22:10', NULL, 0),
(1192, '81', '0', '3360', '2024-08-09 05:22:11', NULL, 0),
(1193, '80', '0', '3169', '2024-08-09 05:22:14', NULL, 0),
(1194, '80', '0', '3169', '2024-08-09 05:22:16', NULL, 0),
(1195, '79', '0', '3174', '2024-08-09 05:22:18', NULL, 0),
(1196, '80', '0', '3114', '2024-08-09 05:22:19', NULL, 0),
(1197, '80', '0', '3380', '2024-08-09 05:22:21', NULL, 0),
(1198, '80', '0', '3174', '2024-08-09 05:22:24', NULL, 0),
(1199, '80', '0', '3265', '2024-08-09 05:22:26', NULL, 0),
(1200, '80', '0', '3259', '2024-08-09 05:22:27', NULL, 0),
(1201, '80', '0', '3163', '2024-08-09 05:22:30', NULL, 0),
(1202, '80', '0', '3239', '2024-08-09 05:22:32', NULL, 0),
(1203, '37', '96', '3281', '2024-08-09 05:22:34', NULL, 0),
(1204, '0', '0', '4095', '2024-08-09 05:22:36', NULL, 0),
(1205, '43', '0', '3331', '2024-08-09 05:22:37', NULL, 0),
(1206, '38', '96', '3175', '2024-08-09 05:22:40', NULL, 0),
(1207, '0', '0', '4095', '2024-08-09 05:22:42', NULL, 0),
(1208, '51', '0', '4095', '2024-08-09 05:22:44', NULL, 0),
(1209, '78', '0', '3197', '2024-08-09 05:22:46', NULL, 0),
(1210, '79', '0', '3312', '2024-08-09 05:22:48', NULL, 0),
(1211, '80', '0', '3225', '2024-08-09 05:22:50', NULL, 0),
(1212, '80', '0', '3162', '2024-08-09 05:22:52', NULL, 0),
(1213, '80', '0', '3583', '2024-08-09 05:22:53', NULL, 0),
(1214, '79', '0', '3185', '2024-08-09 05:22:56', NULL, 0),
(1215, '79', '0', '3246', '2024-08-09 05:22:58', NULL, 0),
(1216, '79', '0', '3341', '2024-08-09 05:23:00', NULL, 0),
(1217, '80', '0', '3175', '2024-08-09 05:23:02', NULL, 0),
(1218, '81', '0', '3169', '2024-08-09 05:23:04', NULL, 0),
(1219, '79', '0', '3153', '2024-08-09 05:23:06', NULL, 0),
(1220, '80', '0', '3203', '2024-08-09 05:23:08', NULL, 0),
(1221, '79', '0', '3322', '2024-08-09 05:23:10', NULL, 0),
(1222, '79', '0', '4095', '2024-08-09 05:23:12', NULL, 0),
(1223, '80', '0', '3202', '2024-08-09 05:23:14', NULL, 0),
(1224, '80', '0', '3264', '2024-08-09 05:23:16', NULL, 0),
(1225, '80', '0', '3287', '2024-08-09 05:23:18', NULL, 0),
(1226, '81', '0', '3239', '2024-08-09 05:23:20', NULL, 0),
(1227, '79', '0', '3245', '2024-08-09 05:23:22', NULL, 0),
(1228, '0', '0', '3311', '2024-08-09 05:23:26', NULL, 0),
(1229, '0', '0', '3369', '2024-08-09 05:23:32', NULL, 0),
(1230, '46', '0', '3237', '2024-08-09 05:23:34', NULL, 0),
(1231, '78', '0', '3252', '2024-08-09 05:23:36', NULL, 0),
(1232, '81', '0', '3216', '2024-08-09 05:23:38', NULL, 0),
(1233, '81', '0', '3233', '2024-08-09 05:23:40', NULL, 0),
(1234, '81', '0', '3333', '2024-08-09 05:23:42', NULL, 0),
(1235, '81', '0', '4095', '2024-08-09 05:23:44', NULL, 0),
(1236, '81', '0', '3231', '2024-08-09 05:23:46', NULL, 0),
(1237, '81', '0', '3344', '2024-08-09 05:23:48', NULL, 0),
(1238, '81', '0', '3216', '2024-08-09 05:23:50', NULL, 0),
(1239, '79', '0', '4095', '2024-08-09 05:23:52', NULL, 0),
(1240, '78', '0', '3294', '2024-08-09 05:23:54', NULL, 0),
(1241, '77', '0', '4095', '2024-08-09 05:23:56', NULL, 0),
(1242, '0', '0', '3491', '2024-08-09 05:24:15', NULL, 0),
(1243, '69', '0', '3215', '2024-08-09 05:24:17', NULL, 0),
(1244, '78', '0', '4095', '2024-08-09 05:24:19', NULL, 0),
(1245, '75', '0', '4095', '2024-08-09 05:24:21', NULL, 0),
(1246, '74', '0', '3175', '2024-08-09 05:24:23', NULL, 0),
(1247, '74', '0', '3184', '2024-08-09 05:24:25', NULL, 0),
(1248, '74', '0', '3266', '2024-08-09 05:24:27', NULL, 0),
(1249, '74', '0', '3290', '2024-08-09 05:24:29', NULL, 0),
(1250, '74', '0', '4095', '2024-08-09 05:24:31', NULL, 0),
(1251, '73', '0', '4095', '2024-08-09 05:24:33', NULL, 0),
(1252, '0', '0', '3335', '2024-08-09 05:24:35', NULL, 0),
(1253, '0', '0', '3611', '2024-08-09 05:24:43', NULL, 0),
(1254, '150', '57', '4095', '2024-08-09 05:24:46', NULL, 0),
(1255, '151', '200', '3542', '2024-08-09 05:24:48', NULL, 0),
(1256, '157', '222', '3441', '2024-08-09 05:24:49', NULL, 0),
(1257, '161', '200', '3504', '2024-08-09 05:24:51', NULL, 0),
(1258, '161', '200', '3606', '2024-08-09 05:24:53', NULL, 0),
(1259, '151', '60', '3412', '2024-08-09 05:24:55', NULL, 0),
(1260, '159', '44', '3371', '2024-08-09 05:24:57', NULL, 0),
(1261, '0', '0', '4095', '2024-08-09 05:25:03', NULL, 0),
(1262, '142', '84', '3790', '2024-08-09 05:25:04', NULL, 0),
(1263, '158', '20', '3471', '2024-08-09 05:25:07', NULL, 0),
(1264, '159', '64', '3409', '2024-08-09 05:25:08', NULL, 0),
(1265, '156', '13', '3408', '2024-08-09 05:25:11', NULL, 0),
(1266, '74', '0', '3711', '2024-08-09 05:25:12', NULL, 0),
(1267, '148', '13', '3444', '2024-08-09 05:25:15', NULL, 0),
(1268, '175', '57', '3307', '2024-08-09 05:25:16', NULL, 0),
(1269, '0', '0', '4095', '2024-08-09 05:25:21', NULL, 0),
(1270, '24', '0', '4095', '2024-08-09 05:25:23', NULL, 0),
(1271, '83', '95', '3516', '2024-08-09 05:25:26', NULL, 0),
(1272, '63', '80', '3437', '2024-08-09 05:25:27', NULL, 0),
(1273, '91', '13', '3344', '2024-08-09 05:25:29', NULL, 0),
(1274, '65', '44', '3472', '2024-08-09 05:25:31', NULL, 0),
(1275, '56', '44', '4095', '2024-08-09 05:25:34', NULL, 0),
(1276, '42', '95', '3535', '2024-08-09 05:25:35', NULL, 0),
(1277, '48', '95', '4095', '2024-08-09 05:25:37', NULL, 0),
(1278, '51', '64', '3337', '2024-08-09 05:25:39', NULL, 0),
(1279, '53', '200', '4095', '2024-08-09 05:25:41', NULL, 0),
(1280, '46', '200', '4095', '2024-08-09 05:25:43', NULL, 0),
(1281, '90', '95', '3516', '2024-08-09 05:25:46', NULL, 0),
(1282, '66', '96', '3481', '2024-08-09 05:25:48', NULL, 0),
(1283, '78', '200', '3456', '2024-08-09 05:25:49', NULL, 0),
(1284, '103', '57', '3347', '2024-08-09 05:25:51', NULL, 0),
(1285, '63', '0', '3410', '2024-08-09 05:25:53', NULL, 0),
(1286, '55', '0', '3626', '2024-08-09 05:25:56', NULL, 0),
(1287, '58', '95', '3524', '2024-08-09 05:25:57', NULL, 0),
(1288, '60', '95', '3463', '2024-08-09 05:26:00', NULL, 0),
(1289, '56', '95', '4095', '2024-08-09 05:26:01', NULL, 0),
(1290, '95', '20', '3504', '2024-08-09 05:26:04', NULL, 0),
(1291, '87', '93', '3493', '2024-08-09 05:26:06', NULL, 0),
(1292, '50', '93', '3650', '2024-08-09 05:26:08', NULL, 0),
(1293, '43', '0', '4095', '2024-08-09 05:26:09', NULL, 0),
(1294, '35', '0', '3583', '2024-08-09 05:26:11', NULL, 0),
(1295, '37', '57', '3506', '2024-08-09 05:26:14', NULL, 0),
(1296, '98', '84', '3507', '2024-08-09 05:26:16', NULL, 0),
(1297, '124', '93', '4095', '2024-08-09 05:26:17', NULL, 0),
(1298, '66', '94', '4095', '2024-08-09 05:26:20', NULL, 0),
(1299, '62', '94', '3571', '2024-08-09 05:26:22', NULL, 0),
(1300, '36', '94', '4095', '2024-08-09 05:26:24', NULL, 0),
(1301, '46', '0', '3835', '2024-08-09 05:26:26', NULL, 0),
(1302, '46', '0', '3583', '2024-08-09 05:26:28', NULL, 0),
(1303, '46', '0', '2747', '2024-08-09 05:26:30', NULL, 0),
(1304, '46', '0', '667', '2024-08-09 05:26:32', NULL, 0),
(1305, '46', '0', '3943', '2024-08-09 05:26:34', NULL, 0),
(1306, '46', '0', '1848', '2024-08-09 05:26:35', NULL, 0),
(1307, '46', '0', '1839', '2024-08-09 05:26:38', NULL, 0),
(1308, '46', '0', '3405', '2024-08-09 05:26:40', NULL, 0),
(1309, '46', '0', '3940', '2024-08-09 05:26:42', NULL, 0),
(1310, '46', '0', '2057', '2024-08-09 05:26:43', NULL, 0),
(1311, '0', '0', '718', '2024-08-09 05:26:46', NULL, 0),
(1312, '40', '0', '2097', '2024-08-09 05:26:49', NULL, 0),
(1313, '0', '0', '2134', '2024-08-09 05:26:50', NULL, 0),
(1314, '26', '0', '2079', '2024-08-09 05:26:52', NULL, 0),
(1315, '0', '0', '688', '2024-08-09 05:26:54', NULL, 0),
(1316, '22', '0', '2082', '2024-08-09 05:26:57', NULL, 0),
(1317, '26', '0', '2128', '2024-08-09 05:26:58', NULL, 0),
(1318, '0', '0', '2096', '2024-08-09 05:27:00', NULL, 0),
(1319, '0', '0', '677', '2024-08-09 05:27:03', NULL, 0),
(1320, '0', '0', '2017', '2024-08-09 05:27:04', NULL, 0),
(1321, '0', '0', '3009', '2024-08-09 05:27:06', NULL, 0),
(1322, '9', '0', '2098', '2024-08-09 05:27:09', NULL, 0),
(1323, '9', '0', '689', '2024-08-09 05:27:11', NULL, 0),
(1324, '42', '64', '688', '2024-08-09 05:27:12', NULL, 0),
(1325, '46', '0', '2032', '2024-08-09 05:27:15', NULL, 0),
(1326, '87', '0', '691', '2024-08-09 05:27:17', NULL, 0),
(1327, '93', '0', '707', '2024-08-09 05:27:19', NULL, 0),
(1328, '94', '0', '2464', '2024-08-09 05:27:21', NULL, 0),
(1329, '94', '0', '673', '2024-08-09 05:27:22', NULL, 0),
(1330, '94', '0', '4095', '2024-08-09 05:27:24', NULL, 0),
(1331, '95', '0', '2423', '2024-08-09 05:27:27', NULL, 0),
(1332, '97', '0', '2452', '2024-08-09 05:27:29', NULL, 0),
(1333, '98', '0', '2462', '2024-08-09 05:27:31', NULL, 0),
(1334, '98', '0', '2468', '2024-08-09 05:27:33', NULL, 0),
(1335, '99', '0', '2480', '2024-08-09 05:27:35', NULL, 0),
(1336, '100', '0', '2473', '2024-08-09 05:27:37', NULL, 0),
(1337, '101', '0', '2477', '2024-08-09 05:27:39', NULL, 0),
(1338, '102', '0', '2484', '2024-08-09 05:27:41', NULL, 0),
(1339, '102', '0', '2471', '2024-08-09 05:27:42', NULL, 0),
(1340, '102', '0', '2465', '2024-08-09 05:27:45', NULL, 0),
(1341, '102', '0', '2474', '2024-08-09 05:27:47', NULL, 0),
(1342, '102', '0', '2477', '2024-08-09 05:27:49', NULL, 0),
(1343, '102', '0', '2478', '2024-08-09 05:27:51', NULL, 0),
(1344, '103', '0', '4095', '2024-08-09 05:27:52', NULL, 0),
(1345, '99', '13', '2477', '2024-08-09 05:27:55', NULL, 0),
(1346, '104', '0', '2449', '2024-08-09 05:27:57', NULL, 0),
(1347, '104', '0', '699', '2024-08-09 05:27:59', NULL, 0),
(1348, '105', '0', '2465', '2024-08-09 05:28:01', NULL, 0),
(1349, '106', '0', '2471', '2024-08-09 05:28:03', NULL, 0),
(1350, '106', '0', '2474', '2024-08-09 05:28:05', NULL, 0),
(1351, '106', '0', '2463', '2024-08-09 05:28:07', NULL, 0),
(1352, '106', '0', '714', '2024-08-09 05:28:09', NULL, 0),
(1353, '107', '0', '2099', '2024-08-09 05:28:11', NULL, 0),
(1354, '105', '0', '2477', '2024-08-09 05:28:12', NULL, 0),
(1355, '107', '0', '686', '2024-08-09 05:28:15', NULL, 0),
(1356, '106', '0', '2462', '2024-08-09 05:28:17', NULL, 0),
(1357, '109', '0', '2448', '2024-08-09 05:28:19', NULL, 0),
(1358, '107', '0', '2462', '2024-08-09 05:28:21', NULL, 0),
(1359, '109', '0', '659', '2024-08-09 05:28:23', NULL, 0),
(1360, '109', '0', '2269', '2024-08-09 05:28:25', NULL, 0),
(1361, '109', '0', '2451', '2024-08-09 05:28:27', NULL, 0),
(1362, '109', '0', '2472', '2024-08-09 05:28:29', NULL, 0),
(1363, '109', '0', '1781', '2024-08-09 05:28:31', NULL, 0),
(1364, '110', '0', '2465', '2024-08-09 05:28:33', NULL, 0),
(1365, '111', '0', '1296', '2024-08-09 05:28:35', NULL, 0),
(1366, '111', '0', '2457', '2024-08-09 05:28:37', NULL, 0),
(1367, '111', '0', '2495', '2024-08-09 05:28:39', NULL, 0),
(1368, '112', '0', '2074', '2024-08-09 05:28:41', NULL, 0),
(1369, '110', '0', '2447', '2024-08-09 05:28:43', NULL, 0),
(1370, '111', '0', '2469', '2024-08-09 05:28:45', NULL, 0),
(1371, '111', '0', '2447', '2024-08-09 05:28:47', NULL, 0),
(1372, '114', '0', '2468', '2024-08-09 05:28:49', NULL, 0),
(1373, '113', '0', '2469', '2024-08-09 05:28:51', NULL, 0),
(1374, '113', '0', '2466', '2024-08-09 05:28:53', NULL, 0),
(1375, '113', '0', '3716', '2024-08-09 05:28:55', NULL, 0),
(1376, '113', '0', '2458', '2024-08-09 05:28:57', NULL, 0),
(1377, '115', '0', '2218', '2024-08-09 05:28:59', NULL, 0),
(1378, '114', '0', '2443', '2024-08-09 05:29:01', NULL, 0),
(1379, '115', '52', '2463', '2024-08-09 05:29:03', NULL, 0),
(1380, '115', '52', '2169', '2024-08-09 05:29:05', NULL, 0),
(1381, '115', '52', '2464', '2024-08-09 05:29:07', NULL, 0),
(1382, '115', '52', '2475', '2024-08-09 05:29:09', NULL, 0),
(1383, '115', '52', '669', '2024-08-09 05:29:11', NULL, 0),
(1384, '114', '52', '863', '2024-08-09 05:29:13', NULL, 0),
(1385, '115', '52', '2227', '2024-08-09 05:29:15', NULL, 0),
(1386, '116', '52', '707', '2024-08-09 05:29:17', NULL, 0),
(1387, '116', '52', '2475', '2024-08-09 05:29:19', NULL, 0),
(1388, '116', '52', '4095', '2024-08-09 05:29:21', NULL, 0),
(1389, '117', '62', '4087', '2024-08-09 05:29:23', NULL, 0),
(1390, '116', '52', '2462', '2024-08-09 05:29:25', NULL, 0),
(1391, '117', '62', '2732', '2024-08-09 05:29:27', NULL, 0),
(1392, '117', '62', '2463', '2024-08-09 05:29:29', NULL, 0),
(1393, '117', '62', '2476', '2024-08-09 05:29:31', NULL, 0),
(1394, '119', '62', '2446', '2024-08-09 05:29:33', NULL, 0),
(1395, '118', '62', '2453', '2024-08-09 05:29:35', NULL, 0),
(1396, '120', '13', '2467', '2024-08-09 05:29:37', NULL, 0),
(1397, '121', '13', '2459', '2024-08-09 05:29:39', NULL, 0),
(1398, '123', '13', '2459', '2024-08-09 05:29:41', NULL, 0),
(1399, '123', '13', '2015', '2024-08-09 05:29:43', NULL, 0),
(1400, '123', '64', '2467', '2024-08-09 05:29:45', NULL, 0),
(1401, '126', '64', '2469', '2024-08-09 05:29:47', NULL, 0),
(1402, '123', '64', '2479', '2024-08-09 05:29:49', NULL, 0),
(1403, '123', '64', '4095', '2024-08-09 05:29:51', NULL, 0),
(1404, '123', '64', '2448', '2024-08-09 05:29:53', NULL, 0),
(1405, '123', '80', '2381', '2024-08-09 05:29:55', NULL, 0),
(1406, '124', '80', '2378', '2024-08-09 05:29:57', NULL, 0),
(1407, '123', '80', '2447', '2024-08-09 05:29:59', NULL, 0),
(1408, '124', '80', '2467', '2024-08-09 05:30:01', NULL, 0),
(1409, '125', '80', '3859', '2024-08-09 05:30:03', NULL, 0),
(1410, '125', '80', '2467', '2024-08-09 05:30:05', NULL, 0),
(1411, '125', '80', '2470', '2024-08-09 05:30:07', NULL, 0),
(1412, '125', '80', '703', '2024-08-09 05:30:09', NULL, 0),
(1413, '125', '80', '2483', '2024-08-09 05:30:11', NULL, 0),
(1414, '124', '62', '2464', '2024-08-09 05:30:13', NULL, 0),
(1415, '123', '62', '3062', '2024-08-09 05:30:15', NULL, 0),
(1416, '125', '62', '2453', '2024-08-09 05:30:17', NULL, 0),
(1417, '125', '62', '4095', '2024-08-09 05:30:19', NULL, 0),
(1418, '125', '62', '1168', '2024-08-09 05:30:21', NULL, 0),
(1419, '125', '62', '2479', '2024-08-09 05:30:23', NULL, 0),
(1420, '128', '62', '2464', '2024-08-09 05:30:25', NULL, 0),
(1421, '128', '13', '2450', '2024-08-09 05:30:27', NULL, 0),
(1422, '128', '13', '3756', '2024-08-09 05:30:29', NULL, 0),
(1423, '126', '13', '2459', '2024-08-09 05:30:31', NULL, 0),
(1424, '125', '13', '4095', '2024-08-09 05:30:33', NULL, 0),
(1425, '127', '13', '714', '2024-08-09 05:30:35', NULL, 0),
(1426, '128', '64', '2369', '2024-08-09 05:30:37', NULL, 0),
(1427, '128', '64', '4095', '2024-08-09 05:30:39', NULL, 0),
(1428, '128', '64', '691', '2024-08-09 05:30:41', NULL, 0),
(1429, '128', '64', '2141', '2024-08-09 05:30:43', NULL, 0),
(1430, '129', '84', '2453', '2024-08-09 05:30:45', NULL, 0),
(1431, '131', '64', '2454', '2024-08-09 05:30:47', NULL, 0),
(1432, '131', '84', '704', '2024-08-09 05:30:49', NULL, 0),
(1433, '128', '84', '2480', '2024-08-09 05:30:51', NULL, 0),
(1434, '133', '84', '2475', '2024-08-09 05:30:53', NULL, 0),
(1435, '130', '84', '688', '2024-08-09 05:30:55', NULL, 0),
(1436, '130', '84', '674', '2024-08-09 05:30:57', NULL, 0),
(1437, '130', '222', '655', '2024-08-09 05:30:59', NULL, 0),
(1438, '130', '84', '2479', '2024-08-09 05:31:01', NULL, 0),
(1439, '132', '84', '641', '2024-08-09 05:31:03', NULL, 0),
(1440, '131', '222', '659', '2024-08-09 05:31:05', NULL, 0),
(1441, '130', '222', '2479', '2024-08-09 05:31:08', NULL, 0),
(1442, '134', '222', '2335', '2024-08-09 05:31:09', NULL, 0),
(1443, '131', '222', '1998', '2024-08-09 05:31:11', NULL, 0),
(1444, '131', '222', '4095', '2024-08-09 05:31:13', NULL, 0),
(1445, '131', '222', '2466', '2024-08-09 05:31:15', NULL, 0),
(1446, '131', '222', '698', '2024-08-09 05:31:17', NULL, 0),
(1447, '131', '222', '2501', '2024-08-09 05:31:19', NULL, 0),
(1448, '131', '222', '2478', '2024-08-09 05:31:21', NULL, 0),
(1449, '133', '222', '4095', '2024-08-09 05:31:23', NULL, 0),
(1450, '133', '222', '670', '2024-08-09 05:31:25', NULL, 0),
(1451, '133', '222', '3280', '2024-08-09 05:31:27', NULL, 0),
(1452, '133', '222', '2470', '2024-08-09 05:31:29', NULL, 0),
(1453, '133', '222', '670', '2024-08-09 05:31:31', NULL, 0),
(1454, '131', '222', '1981', '2024-08-09 05:31:33', NULL, 0),
(1455, '132', '222', '1966', '2024-08-09 05:31:35', NULL, 0),
(1456, '133', '222', '2480', '2024-08-09 05:31:37', NULL, 0),
(1457, '133', '222', '1674', '2024-08-09 05:31:39', NULL, 0),
(1458, '133', '222', '645', '2024-08-09 05:31:41', NULL, 0),
(1459, '130', '222', '2477', '2024-08-09 05:31:43', NULL, 0),
(1460, '135', '222', '1646', '2024-08-09 05:31:45', NULL, 0),
(1461, '131', '84', '1040', '2024-08-09 05:31:47', NULL, 0),
(1462, '131', '222', '1986', '2024-08-09 05:31:49', NULL, 0),
(1463, '132', '222', '2475', '2024-08-09 05:31:51', NULL, 0),
(1464, '133', '222', '2462', '2024-08-09 05:31:53', NULL, 0),
(1465, '134', '222', '651', '2024-08-09 05:31:55', NULL, 0),
(1466, '134', '222', '1687', '2024-08-09 05:31:57', NULL, 0),
(1467, '137', '222', '4094', '2024-08-09 05:31:59', NULL, 0),
(1468, '132', '222', '2473', '2024-08-09 05:32:01', NULL, 0),
(1469, '133', '222', '689', '2024-08-09 05:32:03', NULL, 0),
(1470, '135', '222', '2458', '2024-08-09 05:32:05', NULL, 0),
(1471, '134', '222', '2467', '2024-08-09 05:32:07', NULL, 0),
(1472, '134', '222', '2467', '2024-08-09 05:32:09', NULL, 0),
(1473, '134', '222', '2106', '2024-08-09 05:32:11', NULL, 0),
(1474, '136', '222', '2475', '2024-08-09 05:32:13', NULL, 0),
(1475, '136', '222', '2482', '2024-08-09 05:32:15', NULL, 0),
(1476, '135', '222', '2469', '2024-08-09 05:32:17', NULL, 0),
(1477, '136', '222', '2014', '2024-08-09 05:32:19', NULL, 0),
(1478, '136', '222', '1999', '2024-08-09 05:32:21', NULL, 0),
(1479, '136', '222', '2474', '2024-08-09 05:32:23', NULL, 0),
(1480, '139', '222', '1984', '2024-08-09 05:32:25', NULL, 0),
(1481, '135', '84', '1979', '2024-08-09 05:32:27', NULL, 0),
(1482, '134', '222', '642', '2024-08-09 05:32:29', NULL, 0),
(1483, '135', '222', '4085', '2024-08-09 05:32:31', NULL, 0),
(1484, '134', '222', '652', '2024-08-09 05:32:33', NULL, 0),
(1485, '136', '222', '1968', '2024-08-09 05:32:35', NULL, 0),
(1486, '136', '222', '1968', '2024-08-09 05:32:37', NULL, 0),
(1487, '134', '222', '2475', '2024-08-09 05:32:39', NULL, 0),
(1488, '133', '222', '1951', '2024-08-09 05:32:41', NULL, 0),
(1489, '135', '222', '662', '2024-08-09 05:32:43', NULL, 0),
(1490, '134', '222', '655', '2024-08-09 05:32:45', NULL, 0),
(1491, '136', '222', '4071', '2024-08-09 05:32:47', NULL, 0),
(1492, '137', '222', '1943', '2024-08-09 05:32:49', NULL, 0),
(1493, '136', '222', '2874', '2024-08-09 05:32:51', NULL, 0),
(1494, '137', '222', '1953', '2024-08-09 05:32:53', NULL, 0),
(1495, '137', '222', '655', '2024-08-09 05:32:55', NULL, 0),
(1496, '137', '222', '4061', '2024-08-09 05:32:57', NULL, 0),
(1497, '137', '222', '1958', '2024-08-09 05:32:59', NULL, 0),
(1498, '137', '222', '1999', '2024-08-09 05:33:02', NULL, 0),
(1499, '137', '222', '680', '2024-08-09 05:33:03', NULL, 0),
(1500, '139', '222', '2122', '2024-08-09 05:33:05', NULL, 0),
(1501, '140', '222', '2481', '2024-08-09 05:33:08', NULL, 0),
(1502, '140', '222', '1329', '2024-08-09 05:33:09', NULL, 0),
(1503, '139', '222', '2040', '2024-08-09 05:33:11', NULL, 0),
(1504, '139', '222', '4095', '2024-08-09 05:33:13', NULL, 0),
(1505, '137', '222', '2338', '2024-08-09 05:33:15', NULL, 0),
(1506, '136', '222', '2463', '2024-08-09 05:33:17', NULL, 0),
(1507, '136', '222', '688', '2024-08-09 05:33:19', NULL, 0),
(1508, '136', '222', '704', '2024-08-09 05:33:21', NULL, 0),
(1509, '136', '222', '4095', '2024-08-09 05:33:23', NULL, 0),
(1510, '136', '222', '4095', '2024-08-09 05:33:25', NULL, 0),
(1511, '137', '222', '2452', '2024-08-09 05:33:27', NULL, 0),
(1512, '137', '222', '2097', '2024-08-09 05:33:29', NULL, 0),
(1513, '139', '222', '4095', '2024-08-09 05:33:31', NULL, 0),
(1514, '139', '222', '4095', '2024-08-09 05:33:33', NULL, 0),
(1515, '138', '222', '4095', '2024-08-09 05:33:35', NULL, 0),
(1516, '137', '222', '3862', '2024-08-09 05:33:37', NULL, 0),
(1517, '139', '222', '2031', '2024-08-09 05:33:39', NULL, 0),
(1518, '139', '222', '2099', '2024-08-09 05:33:41', NULL, 0),
(1519, '140', '222', '2495', '2024-08-09 05:33:43', NULL, 0),
(1520, '142', '222', '4068', '2024-08-09 05:33:45', NULL, 0),
(1521, '140', '222', '655', '2024-08-09 05:33:47', NULL, 0),
(1522, '139', '222', '645', '2024-08-09 05:33:50', NULL, 0),
(1523, '137', '222', '1949', '2024-08-09 05:33:51', NULL, 0),
(1524, '136', '222', '2467', '2024-08-09 05:33:53', NULL, 0),
(1525, '136', '222', '1791', '2024-08-09 05:33:56', NULL, 0),
(1526, '136', '222', '701', '2024-08-09 05:33:58', NULL, 0),
(1527, '136', '222', '2236', '2024-08-09 05:34:00', NULL, 0),
(1528, '136', '222', '2466', '2024-08-09 05:34:01', NULL, 0),
(1529, '136', '222', '4095', '2024-08-09 05:34:03', NULL, 0),
(1530, '136', '222', '674', '2024-08-09 05:34:06', NULL, 0),
(1531, '138', '222', '684', '2024-08-09 05:34:07', NULL, 0),
(1532, '138', '222', '798', '2024-08-09 05:34:09', NULL, 0),
(1533, '137', '222', '4095', '2024-08-09 05:34:12', NULL, 0),
(1534, '137', '222', '2467', '2024-08-09 05:34:13', NULL, 0),
(1535, '139', '222', '674', '2024-08-09 05:34:15', NULL, 0),
(1536, '139', '222', '2032', '2024-08-09 05:34:18', NULL, 0),
(1537, '139', '222', '4095', '2024-08-09 05:34:19', NULL, 0),
(1538, '139', '222', '4095', '2024-08-09 05:34:21', NULL, 0),
(1539, '137', '222', '4095', '2024-08-09 05:34:23', NULL, 0),
(1540, '137', '222', '2051', '2024-08-09 05:34:25', NULL, 0),
(1541, '137', '222', '2134', '2024-08-09 05:34:27', NULL, 0),
(1542, '138', '20', '2461', '2024-08-09 05:34:29', NULL, 0),
(1543, '137', '222', '2457', '2024-08-09 05:34:32', NULL, 0),
(1544, '139', '20', '1918', '2024-08-09 05:34:34', NULL, 0),
(1545, '137', '222', '2067', '2024-08-09 05:34:36', NULL, 0),
(1546, '136', '222', '4095', '2024-08-09 05:34:37', NULL, 0),
(1547, '135', '20', '4095', '2024-08-09 05:34:40', NULL, 0),
(1548, '136', '222', '2353', '2024-08-09 05:34:42', NULL, 0),
(1549, '135', '222', '1985', '2024-08-09 05:34:44', NULL, 0),
(1550, '136', '20', '1401', '2024-08-09 05:34:45', NULL, 0),
(1551, '136', '222', '4034', '2024-08-09 05:34:48', NULL, 0),
(1552, '136', '222', '1362', '2024-08-09 05:34:50', NULL, 0),
(1553, '136', '222', '652', '2024-08-09 05:34:52', NULL, 0),
(1554, '137', '222', '2209', '2024-08-09 05:34:54', NULL, 0),
(1555, '136', '222', '2474', '2024-08-09 05:34:56', NULL, 0),
(1556, '137', '222', '2002', '2024-08-09 05:34:57', NULL, 0),
(1557, '138', '20', '1999', '2024-08-09 05:35:00', NULL, 0),
(1558, '138', '222', '4095', '2024-08-09 05:35:02', NULL, 0),
(1559, '138', '20', '2442', '2024-08-09 05:35:04', NULL, 0),
(1560, '137', '222', '1835', '2024-08-09 05:35:06', NULL, 0),
(1561, '139', '20', '675', '2024-08-09 05:35:07', NULL, 0),
(1562, '137', '222', '4095', '2024-08-09 05:35:09', NULL, 0),
(1563, '139', '20', '4095', '2024-08-09 05:35:12', NULL, 0),
(1564, '139', '20', '912', '2024-08-09 05:35:14', NULL, 0),
(1565, '139', '20', '642', '2024-08-09 05:35:15', NULL, 0),
(1566, '138', '20', '663', '2024-08-09 05:35:18', NULL, 0),
(1567, '138', '20', '2004', '2024-08-09 05:35:20', NULL, 0),
(1568, '138', '20', '2458', '2024-08-09 05:35:22', NULL, 0),
(1569, '139', '20', '2466', '2024-08-09 05:35:24', NULL, 0),
(1570, '143', '20', '700', '2024-08-09 05:35:26', NULL, 0),
(1571, '51', '20', '2143', '2024-08-09 05:35:28', NULL, 0),
(1572, '137', '20', '2457', '2024-08-09 05:35:30', NULL, 0),
(1573, '136', '20', '2478', '2024-08-09 05:35:32', NULL, 0),
(1574, '140', '222', '2478', '2024-08-09 05:35:33', NULL, 0),
(1575, '139', '20', '1055', '2024-08-09 05:35:36', NULL, 0),
(1576, '139', '20', '655', '2024-08-09 05:35:38', NULL, 0),
(1577, '139', '20', '1966', '2024-08-09 05:35:40', NULL, 0),
(1578, '140', '20', '4064', '2024-08-09 05:35:42', NULL, 0),
(1579, '135', '20', '657', '2024-08-09 05:35:43', NULL, 0),
(1580, '137', '20', '1996', '2024-08-09 05:35:46', NULL, 0),
(1581, '137', '20', '679', '2024-08-09 05:35:48', NULL, 0),
(1582, '135', '20', '4095', '2024-08-09 05:35:50', NULL, 0),
(1583, '138', '20', '4095', '2024-08-09 05:35:52', NULL, 0),
(1584, '137', '20', '1990', '2024-08-09 05:35:54', NULL, 0),
(1585, '138', '20', '2466', '2024-08-09 05:35:56', NULL, 0),
(1586, '138', '20', '4095', '2024-08-09 05:35:58', NULL, 0),
(1587, '136', '20', '2463', '2024-08-09 05:36:00', NULL, 0),
(1588, '137', '20', '674', '2024-08-09 05:36:02', NULL, 0),
(1589, '136', '20', '668', '2024-08-09 05:36:04', NULL, 0),
(1590, '140', '20', '4077', '2024-08-09 05:36:06', NULL, 0),
(1591, '137', '20', '811', '2024-08-09 05:36:08', NULL, 0),
(1592, '139', '20', '635', '2024-08-09 05:36:10', NULL, 0),
(1593, '138', '20', '2005', '2024-08-09 05:36:12', NULL, 0),
(1594, '137', '20', '2473', '2024-08-09 05:36:14', NULL, 0),
(1595, '135', '20', '2466', '2024-08-09 05:36:16', NULL, 0),
(1596, '137', '222', '656', '2024-08-09 05:36:18', NULL, 0),
(1597, '135', '64', '2469', '2024-08-09 05:36:20', NULL, 0),
(1598, '137', '20', '2459', '2024-08-09 05:36:22', NULL, 0),
(1599, '136', '20', '3746', '2024-08-09 05:36:24', NULL, 0),
(1600, '136', '20', '668', '2024-08-09 05:36:26', NULL, 0),
(1601, '134', '20', '2478', '2024-08-09 05:36:29', NULL, 0),
(1602, '136', '20', '3012', '2024-08-09 05:36:30', NULL, 0),
(1603, '136', '20', '1965', '2024-08-09 05:36:32', NULL, 0),
(1604, '137', '20', '637', '2024-08-09 05:36:34', NULL, 0),
(1605, '136', '64', '2474', '2024-08-09 05:36:36', NULL, 0),
(1606, '135', '64', '2461', '2024-08-09 05:36:38', NULL, 0),
(1607, '133', '20', '2032', '2024-08-09 05:36:40', NULL, 0),
(1608, '134', '20', '1187', '2024-08-09 05:36:42', NULL, 0),
(1609, '137', '20', '4095', '2024-08-09 05:36:44', NULL, 0),
(1610, '133', '20', '4095', '2024-08-09 05:36:46', NULL, 0),
(1611, '137', '20', '2128', '2024-08-09 05:36:48', NULL, 0),
(1612, '136', '20', '3938', '2024-08-09 05:36:50', NULL, 0),
(1613, '137', '20', '2466', '2024-08-09 05:36:52', NULL, 0),
(1614, '133', '64', '2256', '2024-08-09 05:36:54', NULL, 0),
(1615, '137', '20', '644', '2024-08-09 05:36:56', NULL, 0),
(1616, '137', '64', '1043', '2024-08-09 05:36:58', NULL, 0),
(1617, '135', '20', '2478', '2024-08-09 05:37:00', NULL, 0),
(1618, '135', '20', '670', '2024-08-09 05:37:02', NULL, 0),
(1619, '136', '20', '1023', '2024-08-09 05:37:04', NULL, 0),
(1620, '140', '20', '3317', '2024-08-09 05:37:06', NULL, 0),
(1621, '140', '64', '4095', '2024-08-09 05:37:08', NULL, 0),
(1622, '136', '20', '692', '2024-08-09 05:37:10', NULL, 0),
(1623, '137', '64', '4095', '2024-08-09 05:37:12', NULL, 0),
(1624, '133', '64', '4094', '2024-08-09 05:37:14', NULL, 0),
(1625, '135', '64', '2160', '2024-08-09 05:37:16', NULL, 0),
(1626, '139', '20', '1971', '2024-08-09 05:37:18', NULL, 0),
(1627, '133', '20', '2465', '2024-08-09 05:37:20', NULL, 0),
(1628, '136', '20', '4095', '2024-08-09 05:37:22', NULL, 0),
(1629, '134', '20', '695', '2024-08-09 05:37:24', NULL, 0),
(1630, '136', '64', '2494', '2024-08-09 05:37:26', NULL, 0),
(1631, '140', '64', '2465', '2024-08-09 05:37:28', NULL, 0),
(1632, '136', '64', '2470', '2024-08-09 05:37:30', NULL, 0),
(1633, '140', '20', '675', '2024-08-09 05:37:32', NULL, 0),
(1634, '136', '64', '656', '2024-08-09 05:37:34', NULL, 0),
(1635, '140', '20', '2472', '2024-08-09 05:37:36', NULL, 0),
(1636, '140', '20', '873', '2024-08-09 05:37:38', NULL, 0),
(1637, '140', '64', '671', '2024-08-09 05:37:40', NULL, 0),
(1638, '138', '20', '2025', '2024-08-09 05:37:42', NULL, 0),
(1639, '141', '64', '2043', '2024-08-09 05:37:44', NULL, 0),
(1640, '136', '20', '2462', '2024-08-09 05:37:46', NULL, 0),
(1641, '140', '20', '1654', '2024-08-09 05:37:48', NULL, 0),
(1642, '136', '20', '2111', '2024-08-09 05:37:50', NULL, 0),
(1643, '136', '20', '2459', '2024-08-09 05:37:52', NULL, 0),
(1644, '87', '64', '2461', '2024-08-09 05:37:54', NULL, 0),
(1645, '139', '64', '2468', '2024-08-09 05:37:56', NULL, 0),
(1646, '140', '20', '1328', '2024-08-09 05:37:58', NULL, 0),
(1647, '143', '64', '1968', '2024-08-09 05:38:00', NULL, 0),
(1648, '116', '20', '634', '2024-08-09 05:38:02', NULL, 0),
(1649, '139', '20', '4095', '2024-08-09 05:38:04', NULL, 0),
(1650, '139', '64', '2482', '2024-08-09 05:38:06', NULL, 0),
(1651, '141', '64', '668', '2024-08-09 05:38:08', NULL, 0),
(1652, '143', '20', '670', '2024-08-09 05:38:10', NULL, 0),
(1653, '139', '20', '2466', '2024-08-09 05:38:12', NULL, 0),
(1654, '128', '64', '2459', '2024-08-09 05:38:14', NULL, 0),
(1655, '138', '20', '4095', '2024-08-09 05:38:16', NULL, 0),
(1656, '136', '20', '2465', '2024-08-09 05:38:18', NULL, 0),
(1657, '140', '20', '677', '2024-08-09 05:38:20', NULL, 0),
(1658, '140', '64', '662', '2024-08-09 05:38:22', NULL, 0),
(1659, '141', '20', '4033', '2024-08-09 05:38:24', NULL, 0),
(1660, '138', '20', '1436', '2024-08-09 05:38:26', NULL, 0),
(1661, '142', '20', '2038', '2024-08-09 05:38:28', NULL, 0),
(1662, '139', '20', '671', '2024-08-09 05:38:30', NULL, 0),
(1663, '115', '20', '4090', '2024-08-09 05:38:32', NULL, 0),
(1664, '144', '20', '2495', '2024-08-09 05:38:34', NULL, 0),
(1665, '144', '20', '2467', '2024-08-09 05:38:36', NULL, 0),
(1666, '142', '64', '4095', '2024-08-09 05:38:38', NULL, 0),
(1667, '143', '20', '4095', '2024-08-09 05:38:40', NULL, 0),
(1668, '139', '64', '670', '2024-08-09 05:38:42', NULL, 0),
(1669, '145', '20', '650', '2024-08-09 05:38:44', NULL, 0),
(1670, '145', '20', '641', '2024-08-09 05:38:46', NULL, 0),
(1671, '143', '20', '4044', '2024-08-09 05:38:48', NULL, 0),
(1672, '145', '64', '2474', '2024-08-09 05:38:50', NULL, 0),
(1673, '139', '20', '682', '2024-08-09 05:38:52', NULL, 0),
(1674, '139', '20', '672', '2024-08-09 05:38:55', NULL, 0),
(1675, '139', '20', '679', '2024-08-09 05:38:57', NULL, 0),
(1676, '143', '64', '2467', '2024-08-09 05:38:58', NULL, 0),
(1677, '143', '64', '2466', '2024-08-09 05:39:00', NULL, 0),
(1678, '141', '20', '3699', '2024-08-09 05:39:02', NULL, 0),
(1679, '142', '20', '2287', '2024-08-09 05:39:04', NULL, 0),
(1680, '142', '64', '647', '2024-08-09 05:39:06', NULL, 0),
(1681, '143', '20', '656', '2024-08-09 05:39:08', NULL, 0),
(1682, '147', '20', '1011', '2024-08-09 05:39:10', NULL, 0),
(1683, '141', '20', '2411', '2024-08-09 05:39:12', NULL, 0),
(1684, '144', '64', '4095', '2024-08-09 05:39:14', NULL, 0),
(1685, '141', '20', '4095', '2024-08-09 05:39:16', NULL, 0),
(1686, '146', '20', '2460', '2024-08-09 05:39:18', NULL, 0),
(1687, '146', '20', '699', '2024-08-09 05:39:20', NULL, 0),
(1688, '143', '64', '2000', '2024-08-09 05:39:22', NULL, 0),
(1689, '143', '20', '2303', '2024-08-09 05:39:24', NULL, 0),
(1690, '147', '20', '2467', '2024-08-09 05:39:26', NULL, 0),
(1691, '143', '20', '4095', '2024-08-09 05:39:29', NULL, 0),
(1692, '143', '20', '662', '2024-08-09 05:39:30', NULL, 0),
(1693, '143', '20', '684', '2024-08-09 05:39:32', NULL, 0),
(1694, '146', '20', '666', '2024-08-09 05:39:34', NULL, 0),
(1695, '143', '64', '2451', '2024-08-09 05:39:36', NULL, 0),
(1696, '146', '20', '4095', '2024-08-09 05:39:38', NULL, 0),
(1697, '143', '64', '2471', '2024-08-09 05:39:41', NULL, 0),
(1698, '142', '20', '2480', '2024-08-09 05:39:42', NULL, 0),
(1699, '143', '20', '1938', '2024-08-09 05:39:44', NULL, 0),
(1700, '143', '20', '645', '2024-08-09 05:39:46', NULL, 0),
(1701, '144', '20', '654', '2024-08-09 05:39:48', NULL, 0),
(1702, '144', '20', '2992', '2024-08-09 05:39:50', NULL, 0),
(1703, '143', '64', '4095', '2024-08-09 05:39:52', NULL, 0),
(1704, '141', '20', '2457', '2024-08-09 05:39:55', NULL, 0),
(1705, '142', '64', '1296', '2024-08-09 05:39:56', NULL, 0),
(1706, '143', '20', '659', '2024-08-09 05:39:58', NULL, 0),
(1707, '142', '20', '661', '2024-08-09 05:40:00', NULL, 0),
(1708, '143', '20', '4095', '2024-08-09 05:40:02', NULL, 0),
(1709, '142', '20', '2462', '2024-08-09 05:40:04', NULL, 0),
(1710, '141', '20', '2476', '2024-08-09 05:40:07', NULL, 0),
(1711, '143', '20', '4095', '2024-08-09 05:40:08', NULL, 0),
(1712, '144', '64', '646', '2024-08-09 05:40:11', NULL, 0),
(1713, '143', '20', '651', '2024-08-09 05:40:12', NULL, 0),
(1714, '142', '20', '655', '2024-08-09 05:40:15', NULL, 0),
(1715, '146', '20', '765', '2024-08-09 05:40:17', NULL, 0),
(1716, '144', '20', '4095', '2024-08-09 05:40:18', NULL, 0),
(1717, '147', '20', '2454', '2024-08-09 05:40:20', NULL, 0),
(1718, '145', '64', '4095', '2024-08-09 05:40:22', NULL, 0),
(1719, '144', '20', '1101', '2024-08-09 05:40:24', NULL, 0),
(1720, '141', '20', '2016', '2024-08-09 05:40:26', NULL, 0),
(1721, '146', '64', '653', '2024-08-09 05:40:28', NULL, 0),
(1722, '143', '20', '1124', '2024-08-09 05:40:30', NULL, 0),
(1723, '146', '20', '2480', '2024-08-09 05:40:33', NULL, 0),
(1724, '146', '64', '4095', '2024-08-09 05:40:34', NULL, 0),
(1725, '145', '20', '692', '2024-08-09 05:40:37', NULL, 0),
(1726, '144', '64', '702', '2024-08-09 05:40:38', NULL, 0),
(1727, '144', '20', '689', '2024-08-09 05:40:40', NULL, 0),
(1728, '146', '64', '703', '2024-08-09 05:40:42', NULL, 0),
(1729, '146', '64', '2471', '2024-08-09 05:40:44', NULL, 0),
(1730, '147', '64', '4095', '2024-08-09 05:40:46', NULL, 0),
(1731, '145', '64', '2480', '2024-08-09 05:40:49', NULL, 0),
(1732, '145', '64', '629', '2024-08-09 05:40:50', NULL, 0),
(1733, '143', '20', '682', '2024-08-09 05:40:52', NULL, 0),
(1734, '143', '64', '1989', '2024-08-09 05:40:54', NULL, 0),
(1735, '143', '64', '2462', '2024-08-09 05:40:56', NULL, 0),
(1736, '142', '64', '2458', '2024-08-09 05:40:58', NULL, 0),
(1737, '143', '20', '2470', '2024-08-09 05:41:00', NULL, 0),
(1738, '77', '64', '2474', '2024-08-09 05:41:03', NULL, 0),
(1739, '77', '64', '1965', '2024-08-09 05:41:05', NULL, 0),
(1740, '140', '64', '1935', '2024-08-09 05:41:06', NULL, 0),
(1741, '146', '20', '811', '2024-08-09 05:41:09', NULL, 0),
(1742, '144', '20', '2263', '2024-08-09 05:41:10', NULL, 0),
(1743, '147', '20', '4095', '2024-08-09 05:41:12', NULL, 0),
(1744, '146', '20', '2459', '2024-08-09 05:41:14', NULL, 0),
(1745, '143', '64', '674', '2024-08-09 05:41:16', NULL, 0),
(1746, '141', '20', '1963', '2024-08-09 05:41:18', NULL, 0),
(1747, '141', '20', '1937', '2024-08-09 05:41:20', NULL, 0),
(1748, '142', '64', '2476', '2024-08-09 05:41:22', NULL, 0),
(1749, '141', '20', '2470', '2024-08-09 05:41:24', NULL, 0),
(1750, '141', '20', '2474', '2024-08-09 05:41:27', NULL, 0),
(1751, '141', '20', '2129', '2024-08-09 05:41:28', NULL, 0),
(1752, '143', '64', '2052', '2024-08-09 05:41:30', NULL, 0),
(1753, '141', '20', '2397', '2024-08-09 05:41:33', NULL, 0),
(1754, '144', '64', '2471', '2024-08-09 05:41:34', NULL, 0),
(1755, '141', '64', '2482', '2024-08-09 05:41:37', NULL, 0),
(1756, '144', '64', '2064', '2024-08-09 05:41:39', NULL, 0),
(1757, '144', '64', '671', '2024-08-09 05:41:40', NULL, 0),
(1758, '143', '20', '693', '2024-08-09 05:41:43', NULL, 0),
(1759, '143', '64', '2461', '2024-08-09 05:41:45', NULL, 0),
(1760, '90', '20', '2474', '2024-08-09 05:41:46', NULL, 0),
(1761, '142', '64', '2476', '2024-08-09 05:41:48', NULL, 0),
(1762, '130', '64', '4085', '2024-08-09 05:41:51', NULL, 0),
(1763, '144', '20', '630', '2024-08-09 05:41:53', NULL, 0),
(1764, '141', '64', '659', '2024-08-09 05:41:54', NULL, 0),
(1765, '146', '64', '3018', '2024-08-09 05:41:57', NULL, 0),
(1766, '143', '64', '2475', '2024-08-09 05:41:59', NULL, 0),
(1767, '143', '64', '2463', '2024-08-09 05:42:01', NULL, 0),
(1768, '140', '64', '4019', '2024-08-09 05:42:03', NULL, 0),
(1769, '143', '64', '1968', '2024-08-09 05:42:05', NULL, 0),
(1770, '141', '20', '1927', '2024-08-09 05:42:07', NULL, 0),
(1771, '143', '64', '1036', '2024-08-09 05:42:09', NULL, 0),
(1772, '142', '64', '2477', '2024-08-09 05:42:11', NULL, 0),
(1773, '141', '64', '4086', '2024-08-09 05:42:13', NULL, 0),
(1774, '144', '64', '712', '2024-08-09 05:42:14', NULL, 0),
(1775, '144', '64', '679', '2024-08-09 05:42:17', NULL, 0),
(1776, '144', '64', '656', '2024-08-09 05:42:19', NULL, 0),
(1777, '144', '64', '4025', '2024-08-09 05:42:20', NULL, 0),
(1778, '144', '20', '2464', '2024-08-09 05:42:23', NULL, 0),
(1779, '144', '64', '800', '2024-08-09 05:42:25', NULL, 0),
(1780, '141', '64', '703', '2024-08-09 05:42:27', NULL, 0),
(1781, '91', '20', '690', '2024-08-09 05:42:29', NULL, 0),
(1782, '145', '20', '2475', '2024-08-09 05:42:31', NULL, 0),
(1783, '143', '64', '2467', '2024-08-09 05:42:33', NULL, 0);
INSERT INTO `raw_health_records` (`health_record_id`, `heart_rate`, `spo2`, `ecg`, `created_at`, `updated_at`, `is_delete`) VALUES
(1784, '141', '64', '4017', '2024-08-09 05:42:35', NULL, 0),
(1785, '141', '64', '682', '2024-08-09 05:42:37', NULL, 0),
(1786, '144', '64', '2016', '2024-08-09 05:42:39', NULL, 0),
(1787, '144', '20', '4082', '2024-08-09 05:42:41', NULL, 0),
(1788, '142', '64', '4095', '2024-08-09 05:42:43', NULL, 0),
(1789, '143', '64', '2466', '2024-08-09 05:42:45', NULL, 0),
(1790, '142', '64', '2415', '2024-08-09 05:42:47', NULL, 0),
(1791, '143', '20', '646', '2024-08-09 05:42:49', NULL, 0),
(1792, '144', '64', '647', '2024-08-09 05:42:51', NULL, 0),
(1793, '144', '64', '1616', '2024-08-09 05:42:53', NULL, 0),
(1794, '146', '64', '3193', '2024-08-09 05:42:55', NULL, 0),
(1795, '145', '64', '4095', '2024-08-09 05:42:57', NULL, 0),
(1796, '142', '64', '4095', '2024-08-09 05:42:59', NULL, 0),
(1797, '147', '20', '3434', '2024-08-09 05:43:01', NULL, 0),
(1798, '142', '64', '658', '2024-08-09 05:43:03', NULL, 0),
(1799, '145', '20', '650', '2024-08-09 05:43:05', NULL, 0),
(1800, '141', '64', '2055', '2024-08-09 05:43:07', NULL, 0),
(1801, '147', '64', '2453', '2024-08-09 05:43:09', NULL, 0),
(1802, '146', '64', '2470', '2024-08-09 05:43:11', NULL, 0),
(1803, '146', '64', '4095', '2024-08-09 05:43:13', NULL, 0),
(1804, '144', '64', '666', '2024-08-09 05:43:15', NULL, 0),
(1805, '142', '64', '655', '2024-08-09 05:43:17', NULL, 0),
(1806, '146', '64', '635', '2024-08-09 05:43:20', NULL, 0),
(1807, '143', '64', '4054', '2024-08-09 05:43:21', NULL, 0),
(1808, '141', '64', '2495', '2024-08-09 05:43:23', NULL, 0),
(1809, '144', '64', '2475', '2024-08-09 05:43:25', NULL, 0),
(1810, '144', '64', '2114', '2024-08-09 05:43:27', NULL, 0),
(1811, '147', '64', '673', '2024-08-09 05:43:29', NULL, 0),
(1812, '144', '64', '642', '2024-08-09 05:43:31', NULL, 0),
(1813, '146', '64', '2470', '2024-08-09 05:43:33', NULL, 0),
(1814, '141', '64', '2466', '2024-08-09 05:43:35', NULL, 0),
(1815, '146', '64', '2127', '2024-08-09 05:43:38', NULL, 0),
(1816, '145', '64', '690', '2024-08-09 05:43:39', NULL, 0),
(1817, '145', '64', '2026', '2024-08-09 05:43:41', NULL, 0),
(1818, '147', '64', '2466', '2024-08-09 05:43:43', NULL, 0),
(1819, '147', '64', '2469', '2024-08-09 05:43:45', NULL, 0),
(1820, '142', '64', '2466', '2024-08-09 05:43:47', NULL, 0),
(1821, '146', '64', '2044', '2024-08-09 05:43:49', NULL, 0),
(1822, '146', '64', '669', '2024-08-09 05:43:51', NULL, 0),
(1823, '141', '64', '2128', '2024-08-09 05:43:53', NULL, 0),
(1824, '143', '20', '2464', '2024-08-09 05:43:55', NULL, 0),
(1825, '143', '64', '2493', '2024-08-09 05:43:57', NULL, 0),
(1826, '143', '64', '1031', '2024-08-09 05:43:59', NULL, 0),
(1827, '143', '20', '1663', '2024-08-09 05:44:01', NULL, 0),
(1828, '141', '64', '656', '2024-08-09 05:44:03', NULL, 0),
(1829, '146', '64', '2010', '2024-08-09 05:44:05', NULL, 0),
(1830, '142', '64', '2474', '2024-08-09 05:44:07', NULL, 0),
(1831, '146', '64', '2454', '2024-08-09 05:44:09', NULL, 0),
(1832, '146', '64', '2465', '2024-08-09 05:44:11', NULL, 0),
(1833, '144', '200', '812', '2024-08-09 05:44:13', NULL, 0),
(1834, '146', '64', '684', '2024-08-09 05:44:16', NULL, 0),
(1835, '144', '64', '666', '2024-08-09 05:44:17', NULL, 0),
(1836, '145', '64', '2465', '2024-08-09 05:44:19', NULL, 0),
(1837, '145', '64', '4095', '2024-08-09 05:44:21', NULL, 0),
(1838, '143', '64', '1417', '2024-08-09 05:44:23', NULL, 0),
(1839, '145', '64', '2347', '2024-08-09 05:44:25', NULL, 0),
(1840, '144', '64', '670', '2024-08-09 05:44:27', NULL, 0),
(1841, '144', '64', '2469', '2024-08-09 05:44:29', NULL, 0),
(1842, '146', '64', '2460', '2024-08-09 05:44:31', NULL, 0),
(1843, '144', '64', '2473', '2024-08-09 05:44:33', NULL, 0),
(1844, '143', '64', '2026', '2024-08-09 05:44:35', NULL, 0),
(1845, '143', '64', '1944', '2024-08-09 05:44:37', NULL, 0),
(1846, '78', '64', '679', '2024-08-09 05:44:39', NULL, 0),
(1847, '141', '64', '2466', '2024-08-09 05:44:41', NULL, 0),
(1848, '144', '64', '4095', '2024-08-09 05:44:43', NULL, 0),
(1849, '145', '64', '2071', '2024-08-09 05:44:45', NULL, 0),
(1850, '146', '64', '654', '2024-08-09 05:44:47', NULL, 0),
(1851, '146', '64', '670', '2024-08-09 05:44:49', NULL, 0),
(1852, '143', '64', '4095', '2024-08-09 05:44:51', NULL, 0),
(1853, '144', '64', '4095', '2024-08-09 05:44:53', NULL, 0),
(1854, '144', '64', '2474', '2024-08-09 05:44:55', NULL, 0),
(1855, '144', '64', '1705', '2024-08-09 05:44:57', NULL, 0),
(1856, '142', '64', '646', '2024-08-09 05:44:59', NULL, 0),
(1857, '147', '64', '4095', '2024-08-09 05:45:01', NULL, 0),
(1858, '147', '64', '2441', '2024-08-09 05:45:03', NULL, 0),
(1859, '146', '64', '2462', '2024-08-09 05:45:05', NULL, 0),
(1860, '146', '64', '2461', '2024-08-09 05:45:07', NULL, 0),
(1861, '146', '64', '2475', '2024-08-09 05:45:09', NULL, 0),
(1862, '142', '200', '653', '2024-08-09 05:45:11', NULL, 0),
(1863, '147', '64', '646', '2024-08-09 05:45:13', NULL, 0),
(1864, '147', '64', '646', '2024-08-09 05:45:15', NULL, 0),
(1865, '142', '64', '2713', '2024-08-09 05:45:17', NULL, 0),
(1866, '144', '64', '2470', '2024-08-09 05:45:19', NULL, 0),
(1867, '145', '64', '4095', '2024-08-09 05:45:21', NULL, 0),
(1868, '147', '64', '4095', '2024-08-09 05:45:23', NULL, 0),
(1869, '145', '64', '672', '2024-08-09 05:45:25', NULL, 0),
(1870, '144', '64', '1962', '2024-08-09 05:45:27', NULL, 0),
(1871, '146', '64', '650', '2024-08-09 05:45:29', NULL, 0),
(1872, '143', '64', '4095', '2024-08-09 05:45:31', NULL, 0),
(1873, '144', '64', '4095', '2024-08-09 05:45:33', NULL, 0),
(1874, '143', '64', '679', '2024-08-09 05:45:35', NULL, 0),
(1875, '143', '64', '2019', '2024-08-09 05:45:37', NULL, 0),
(1876, '144', '64', '653', '2024-08-09 05:45:39', NULL, 0),
(1877, '144', '64', '2481', '2024-08-09 05:45:41', NULL, 0),
(1878, '139', '64', '4095', '2024-08-09 05:45:43', NULL, 0),
(1879, '144', '64', '704', '2024-08-09 05:45:45', NULL, 0),
(1880, '143', '64', '2033', '2024-08-09 05:45:47', NULL, 0),
(1881, '147', '64', '4085', '2024-08-09 05:45:49', NULL, 0),
(1882, '142', '64', '4032', '2024-08-09 05:45:51', NULL, 0),
(1883, '141', '64', '2489', '2024-08-09 05:45:53', NULL, 0),
(1884, '142', '200', '668', '2024-08-09 05:45:55', NULL, 0),
(1885, '143', '64', '2134', '2024-08-09 05:45:57', NULL, 0),
(1886, '142', '200', '2112', '2024-08-09 05:45:59', NULL, 0),
(1887, '142', '64', '4071', '2024-08-09 05:46:01', NULL, 0),
(1888, '143', '64', '4095', '2024-08-09 05:46:03', NULL, 0),
(1889, '144', '64', '674', '2024-08-09 05:46:05', NULL, 0),
(1890, '142', '64', '685', '2024-08-09 05:46:07', NULL, 0),
(1891, '147', '64', '4095', '2024-08-09 05:46:09', NULL, 0),
(1892, '143', '64', '2479', '2024-08-09 05:46:11', NULL, 0),
(1893, '142', '64', '2475', '2024-08-09 05:46:13', NULL, 0),
(1894, '142', '200', '2003', '2024-08-09 05:46:15', NULL, 0),
(1895, '141', '64', '669', '2024-08-09 05:46:17', NULL, 0),
(1896, '147', '200', '2061', '2024-08-09 05:46:19', NULL, 0),
(1897, '89', '64', '2461', '2024-08-09 05:46:21', NULL, 0),
(1898, '141', '64', '2471', '2024-08-09 05:46:23', NULL, 0),
(1899, '145', '64', '2469', '2024-08-09 05:46:25', NULL, 0),
(1900, '89', '64', '641', '2024-08-09 05:46:27', NULL, 0),
(1901, '140', '64', '678', '2024-08-09 05:46:29', NULL, 0),
(1902, '143', '64', '2475', '2024-08-09 05:46:31', NULL, 0),
(1903, '142', '64', '4095', '2024-08-09 05:46:33', NULL, 0),
(1904, '143', '64', '4095', '2024-08-09 05:46:35', NULL, 0),
(1905, '143', '64', '650', '2024-08-09 05:46:37', NULL, 0),
(1906, '145', '64', '1971', '2024-08-09 05:46:39', NULL, 0),
(1907, '145', '200', '2460', '2024-08-09 05:46:41', NULL, 0),
(1908, '145', '64', '2467', '2024-08-09 05:46:43', NULL, 0),
(1909, '143', '64', '2459', '2024-08-09 05:46:45', NULL, 0),
(1910, '143', '64', '670', '2024-08-09 05:46:47', NULL, 0),
(1911, '146', '64', '640', '2024-08-09 05:46:49', NULL, 0),
(1912, '147', '64', '3901', '2024-08-09 05:46:51', NULL, 0),
(1913, '144', '64', '4095', '2024-08-09 05:46:53', NULL, 0),
(1914, '143', '64', '4095', '2024-08-09 05:46:55', NULL, 0),
(1915, '147', '64', '699', '2024-08-09 05:46:57', NULL, 0),
(1916, '147', '64', '666', '2024-08-09 05:46:59', NULL, 0),
(1917, '143', '64', '1931', '2024-08-09 05:47:01', NULL, 0),
(1918, '143', '64', '4095', '2024-08-09 05:47:03', NULL, 0),
(1919, '144', '200', '2474', '2024-08-09 05:47:05', NULL, 0),
(1920, '141', '200', '689', '2024-08-09 05:47:07', NULL, 0),
(1921, '140', '200', '1674', '2024-08-09 05:47:09', NULL, 0),
(1922, '140', '64', '2477', '2024-08-09 05:47:11', NULL, 0),
(1923, '140', '64', '3183', '2024-08-09 05:47:13', NULL, 0),
(1924, '39', '0', '1989', '2024-08-09 05:47:15', NULL, 0),
(1925, '136', '64', '2461', '2024-08-09 05:47:17', NULL, 0),
(1926, '139', '64', '2467', '2024-08-09 05:47:19', NULL, 0),
(1927, '138', '64', '1893', '2024-08-09 05:47:21', NULL, 0),
(1928, '139', '64', '1988', '2024-08-09 05:47:23', NULL, 0),
(1929, '140', '200', '1904', '2024-08-09 05:47:25', NULL, 0),
(1930, '127', '64', '2455', '2024-08-09 05:47:27', NULL, 0),
(1931, '140', '64', '720', '2024-08-09 05:47:29', NULL, 0),
(1932, '139', '64', '1947', '2024-08-09 05:47:31', NULL, 0),
(1933, '140', '64', '1812', '2024-08-09 05:47:33', NULL, 0),
(1934, '114', '200', '2473', '2024-08-09 05:47:35', NULL, 0),
(1935, '130', '64', '697', '2024-08-09 05:47:37', NULL, 0),
(1936, '144', '64', '2032', '2024-08-09 05:47:39', NULL, 0),
(1937, '140', '64', '1466', '2024-08-09 05:47:42', NULL, 0),
(1938, '140', '64', '2470', '2024-08-09 05:47:43', NULL, 0),
(1939, '142', '64', '1994', '2024-08-09 05:47:45', NULL, 0),
(1940, '139', '64', '699', '2024-08-09 05:47:47', NULL, 0),
(1941, '139', '64', '2462', '2024-08-09 05:47:50', NULL, 0),
(1942, '139', '64', '4095', '2024-08-09 05:47:51', NULL, 0),
(1943, '137', '64', '641', '2024-08-09 05:47:53', NULL, 0),
(1944, '137', '64', '672', '2024-08-09 05:47:55', NULL, 0),
(1945, '137', '64', '4095', '2024-08-09 05:47:57', NULL, 0),
(1946, '138', '64', '2480', '2024-08-09 05:47:59', NULL, 0),
(1947, '138', '64', '702', '2024-08-09 05:48:01', NULL, 0),
(1948, '138', '64', '1527', '2024-08-09 05:48:03', NULL, 0),
(1949, '138', '64', '2495', '2024-08-09 05:48:05', NULL, 0),
(1950, '137', '64', '1950', '2024-08-09 05:48:07', NULL, 0),
(1951, '139', '64', '657', '2024-08-09 05:48:09', NULL, 0),
(1952, '137', '64', '2463', '2024-08-09 05:48:11', NULL, 0),
(1953, '137', '64', '2465', '2024-08-09 05:48:13', NULL, 0),
(1954, '138', '64', '640', '2024-08-09 05:48:16', NULL, 0),
(1955, '137', '200', '646', '2024-08-09 05:48:17', NULL, 0),
(1956, '138', '200', '2469', '2024-08-09 05:48:19', NULL, 0),
(1957, '136', '200', '1987', '2024-08-09 05:48:22', NULL, 0),
(1958, '137', '64', '2855', '2024-08-09 05:48:24', NULL, 0),
(1959, '136', '200', '4095', '2024-08-09 05:48:26', NULL, 0),
(1960, '136', '200', '2465', '2024-08-09 05:48:28', NULL, 0),
(1961, '137', '64', '1945', '2024-08-09 05:48:29', NULL, 0),
(1962, '137', '64', '646', '2024-08-09 05:48:32', NULL, 0),
(1963, '137', '64', '4095', '2024-08-09 05:48:34', NULL, 0),
(1964, '86', '64', '668', '2024-08-09 05:48:36', NULL, 0),
(1965, '137', '200', '2128', '2024-08-09 05:48:37', NULL, 0),
(1966, '137', '20', '4095', '2024-08-09 05:48:39', NULL, 0),
(1967, '137', '64', '1865', '2024-08-09 05:48:42', NULL, 0),
(1968, '137', '64', '658', '2024-08-09 05:48:44', NULL, 0),
(1969, '137', '64', '2478', '2024-08-09 05:48:46', NULL, 0),
(1970, '137', '64', '2452', '2024-08-09 05:48:48', NULL, 0),
(1971, '137', '64', '655', '2024-08-09 05:48:50', NULL, 0),
(1972, '137', '64', '641', '2024-08-09 05:48:51', NULL, 0),
(1973, '137', '64', '2465', '2024-08-09 05:48:54', NULL, 0),
(1974, '137', '200', '2126', '2024-08-09 05:48:56', NULL, 0),
(1975, '139', '64', '674', '2024-08-09 05:48:58', NULL, 0),
(1976, '138', '64', '2480', '2024-08-09 05:48:59', NULL, 0),
(1977, '137', '64', '1992', '2024-08-09 05:49:01', NULL, 0),
(1978, '138', '200', '2000', '2024-08-09 05:49:04', NULL, 0),
(1979, '137', '200', '2465', '2024-08-09 05:49:06', NULL, 0),
(1980, '133', '64', '2477', '2024-08-09 05:49:08', NULL, 0),
(1981, '138', '200', '1946', '2024-08-09 05:49:09', NULL, 0),
(1982, '137', '64', '659', '2024-08-09 05:49:11', NULL, 0),
(1983, '137', '64', '2469', '2024-08-09 05:49:14', NULL, 0),
(1984, '137', '200', '1989', '2024-08-09 05:49:16', NULL, 0),
(1985, '138', '64', '4095', '2024-08-09 05:49:18', NULL, 0),
(1986, '137', '64', '4095', '2024-08-09 05:49:19', NULL, 0),
(1987, '137', '200', '1633', '2024-08-09 05:49:22', NULL, 0),
(1988, '138', '200', '1986', '2024-08-09 05:49:24', NULL, 0),
(1989, '139', '64', '2053', '2024-08-09 05:49:26', NULL, 0),
(1990, '135', '64', '4095', '2024-08-09 05:49:28', NULL, 0),
(1991, '138', '64', '655', '2024-08-09 05:49:29', NULL, 0),
(1992, '137', '64', '633', '2024-08-09 05:49:32', NULL, 0),
(1993, '134', '64', '2477', '2024-08-09 05:49:34', NULL, 0),
(1994, '139', '64', '2111', '2024-08-09 05:49:36', NULL, 0),
(1995, '139', '64', '672', '2024-08-09 05:49:38', NULL, 0),
(1996, '138', '64', '4063', '2024-08-09 05:49:39', NULL, 0),
(1997, '139', '64', '1444', '2024-08-09 05:49:42', NULL, 0),
(1998, '50', '64', '671', '2024-08-09 05:49:44', NULL, 0),
(1999, '99', '200', '2448', '2024-08-09 05:49:45', NULL, 0),
(2000, '138', '200', '4095', '2024-08-09 05:49:48', NULL, 0),
(2001, '139', '200', '1936', '2024-08-09 05:49:50', NULL, 0),
(2002, '87', '64', '2015', '2024-08-09 05:49:52', NULL, 0),
(2003, '138', '200', '2469', '2024-08-09 05:49:53', NULL, 0),
(2004, '139', '64', '2467', '2024-08-09 05:49:56', NULL, 0),
(2005, '140', '64', '667', '2024-08-09 05:49:58', NULL, 0),
(2006, '140', '64', '1931', '2024-08-09 05:50:00', NULL, 0),
(2007, '139', '200', '4095', '2024-08-09 05:50:02', NULL, 0),
(2008, '41', '200', '2480', '2024-08-09 05:50:04', NULL, 0),
(2009, '55', '64', '694', '2024-08-09 05:50:06', NULL, 0),
(2010, '137', '200', '2001', '2024-08-09 05:50:08', NULL, 0),
(2011, '143', '64', '2480', '2024-08-09 05:50:10', NULL, 0),
(2012, '143', '64', '2465', '2024-08-09 05:50:12', NULL, 0),
(2013, '142', '200', '691', '2024-08-09 05:50:14', NULL, 0),
(2014, '143', '200', '1978', '2024-08-09 05:50:16', NULL, 0),
(2015, '143', '64', '2171', '2024-08-09 05:50:18', NULL, 0),
(2016, '0', '0', '4095', '2024-08-09 05:50:20', NULL, 0),
(2017, '44', '0', '1978', '2024-08-09 05:50:22', NULL, 0),
(2018, '137', '200', '2059', '2024-08-09 05:50:24', NULL, 0),
(2019, '140', '64', '2481', '2024-08-09 05:50:26', NULL, 0),
(2020, '139', '64', '2201', '2024-08-09 05:50:28', NULL, 0),
(2021, '140', '64', '2091', '2024-08-09 05:50:30', NULL, 0),
(2022, '139', '64', '4095', '2024-08-09 05:50:32', NULL, 0),
(2023, '139', '64', '2470', '2024-08-09 05:50:34', NULL, 0),
(2024, '141', '64', '663', '2024-08-09 05:50:36', NULL, 0),
(2025, '141', '200', '1981', '2024-08-09 05:50:38', NULL, 0),
(2026, '143', '200', '2476', '2024-08-09 05:50:40', NULL, 0),
(2027, '143', '64', '2481', '2024-08-09 05:50:42', NULL, 0),
(2028, '141', '64', '1469', '2024-08-09 05:50:44', NULL, 0),
(2029, '147', '200', '685', '2024-08-09 05:50:46', NULL, 0),
(2030, '143', '200', '2125', '2024-08-09 05:50:48', NULL, 0),
(2031, '143', '64', '2465', '2024-08-09 05:50:50', NULL, 0),
(2032, '143', '64', '2473', '2024-08-09 05:50:52', NULL, 0),
(2033, '143', '64', '654', '2024-08-09 05:50:54', NULL, 0),
(2034, '140', '200', '1975', '2024-08-09 05:50:56', NULL, 0),
(2035, '140', '64', '2459', '2024-08-09 05:50:58', NULL, 0),
(2036, '143', '200', '2480', '2024-08-09 05:51:00', NULL, 0),
(2037, '143', '64', '2128', '2024-08-09 05:51:02', NULL, 0),
(2038, '147', '200', '2032', '2024-08-09 05:51:04', NULL, 0),
(2039, '147', '200', '694', '2024-08-09 05:51:06', NULL, 0),
(2040, '144', '64', '2467', '2024-08-09 05:51:08', NULL, 0),
(2041, '144', '64', '4069', '2024-08-09 05:51:10', NULL, 0),
(2042, '141', '64', '1998', '2024-08-09 05:51:12', NULL, 0),
(2043, '145', '64', '2087', '2024-08-09 05:51:14', NULL, 0),
(2044, '139', '64', '2463', '2024-08-09 05:51:16', NULL, 0),
(2045, '88', '64', '2477', '2024-08-09 05:51:18', NULL, 0),
(2046, '140', '200', '651', '2024-08-09 05:51:20', NULL, 0),
(2047, '140', '64', '665', '2024-08-09 05:51:22', NULL, 0),
(2048, '139', '64', '1535', '2024-08-09 05:51:24', NULL, 0),
(2049, '143', '200', '2479', '2024-08-09 05:51:26', NULL, 0),
(2050, '141', '200', '2833', '2024-08-09 05:51:28', NULL, 0),
(2051, '142', '64', '2022', '2024-08-09 05:51:30', NULL, 0),
(2052, '147', '64', '2122', '2024-08-09 05:51:32', NULL, 0),
(2053, '142', '200', '4095', '2024-08-09 05:51:34', NULL, 0),
(2054, '146', '64', '2469', '2024-08-09 05:51:36', NULL, 0),
(2055, '147', '200', '3738', '2024-08-09 05:51:38', NULL, 0),
(2056, '147', '200', '2009', '2024-08-09 05:51:40', NULL, 0),
(2057, '142', '200', '704', '2024-08-09 05:51:42', NULL, 0),
(2058, '147', '64', '1615', '2024-08-09 05:51:44', NULL, 0),
(2059, '147', '200', '4047', '2024-08-09 05:51:46', NULL, 0),
(2060, '142', '200', '4095', '2024-08-09 05:51:48', NULL, 0),
(2061, '144', '200', '720', '2024-08-09 05:51:50', NULL, 0),
(2062, '147', '200', '1963', '2024-08-09 05:51:52', NULL, 0),
(2063, '147', '200', '641', '2024-08-09 05:51:54', NULL, 0),
(2064, '143', '200', '2475', '2024-08-09 05:51:56', NULL, 0),
(2065, '143', '200', '4095', '2024-08-09 05:51:58', NULL, 0),
(2066, '139', '200', '1976', '2024-08-09 05:52:00', NULL, 0),
(2067, '143', '200', '647', '2024-08-09 05:52:02', NULL, 0),
(2068, '144', '64', '2466', '2024-08-09 05:52:04', NULL, 0),
(2069, '147', '64', '4095', '2024-08-09 05:52:06', NULL, 0),
(2070, '146', '200', '687', '2024-08-09 05:52:08', NULL, 0),
(2071, '147', '200', '1926', '2024-08-09 05:52:10', NULL, 0),
(2072, '148', '200', '4095', '2024-08-09 05:52:12', NULL, 0),
(2073, '148', '64', '2455', '2024-08-09 05:52:14', NULL, 0),
(2074, '147', '200', '2470', '2024-08-09 05:52:16', NULL, 0),
(2075, '147', '200', '795', '2024-08-09 05:52:18', NULL, 0),
(2076, '142', '200', '2014', '2024-08-09 05:52:20', NULL, 0),
(2077, '146', '200', '1990', '2024-08-09 05:52:22', NULL, 0),
(2078, '142', '200', '2463', '2024-08-09 05:52:24', NULL, 0),
(2079, '147', '200', '2471', '2024-08-09 05:52:26', NULL, 0),
(2080, '142', '200', '637', '2024-08-09 05:52:28', NULL, 0),
(2081, '142', '200', '673', '2024-08-09 05:52:30', NULL, 0),
(2082, '142', '200', '2115', '2024-08-09 05:52:32', NULL, 0),
(2083, '147', '200', '4095', '2024-08-09 05:52:34', NULL, 0),
(2084, '144', '200', '4095', '2024-08-09 05:52:36', NULL, 0),
(2085, '145', '200', '2466', '2024-08-09 05:52:38', NULL, 0),
(2086, '146', '200', '2478', '2024-08-09 05:52:40', NULL, 0),
(2087, '150', '200', '1972', '2024-08-09 05:52:42', NULL, 0),
(2088, '144', '200', '698', '2024-08-09 05:52:44', NULL, 0),
(2089, '147', '64', '653', '2024-08-09 05:52:46', NULL, 0),
(2090, '145', '64', '1981', '2024-08-09 05:52:48', NULL, 0),
(2091, '146', '200', '2486', '2024-08-09 05:52:50', NULL, 0),
(2092, '147', '200', '2469', '2024-08-09 05:52:52', NULL, 0),
(2093, '145', '200', '1956', '2024-08-09 05:52:54', NULL, 0),
(2094, '147', '200', '1994', '2024-08-09 05:52:56', NULL, 0),
(2095, '146', '200', '4081', '2024-08-09 05:52:58', NULL, 0),
(2096, '147', '200', '4095', '2024-08-09 05:53:00', NULL, 0),
(2097, '145', '64', '2042', '2024-08-09 05:53:02', NULL, 0),
(2098, '146', '200', '1994', '2024-08-09 05:53:04', NULL, 0),
(2099, '148', '200', '1983', '2024-08-09 05:53:06', NULL, 0),
(2100, '147', '200', '2079', '2024-08-09 05:53:08', NULL, 0),
(2101, '147', '200', '1936', '2024-08-09 05:53:10', NULL, 0),
(2102, '160', '0', '2480', '2024-08-09 05:53:12', NULL, 0),
(2103, '148', '0', '2478', '2024-08-09 05:53:14', NULL, 0),
(2104, '145', '62', '2466', '2024-08-09 05:53:16', NULL, 0),
(2105, '88', '0', '673', '2024-08-09 05:53:18', NULL, 0),
(2106, '134', '200', '1931', '2024-08-09 05:53:20', NULL, 0),
(2107, '148', '200', '2480', '2024-08-09 05:53:22', NULL, 0),
(2108, '147', '64', '2453', '2024-08-09 05:53:24', NULL, 0),
(2109, '150', '200', '2480', '2024-08-09 05:53:26', NULL, 0),
(2110, '149', '200', '1468', '2024-08-09 05:53:28', NULL, 0),
(2111, '148', '200', '688', '2024-08-09 05:53:30', NULL, 0),
(2112, '148', '200', '685', '2024-08-09 05:53:32', NULL, 0),
(2113, '147', '200', '672', '2024-08-09 05:53:34', NULL, 0),
(2114, '148', '200', '645', '2024-08-09 05:53:37', NULL, 0),
(2115, '144', '200', '2480', '2024-08-09 05:53:38', NULL, 0),
(2116, '146', '200', '2458', '2024-08-09 05:53:40', NULL, 0),
(2117, '147', '200', '2240', '2024-08-09 05:53:42', NULL, 0),
(2118, '146', '200', '660', '2024-08-09 05:53:44', NULL, 0),
(2119, '144', '200', '681', '2024-08-09 05:53:46', NULL, 0),
(2120, '77', '200', '4095', '2024-08-09 05:53:48', NULL, 0),
(2121, '131', '200', '2475', '2024-08-09 05:53:50', NULL, 0),
(2122, '147', '200', '646', '2024-08-09 05:53:52', NULL, 0),
(2123, '146', '20', '2021', '2024-08-09 05:53:54', NULL, 0),
(2124, '147', '200', '2089', '2024-08-09 05:53:56', NULL, 0),
(2125, '150', '200', '699', '2024-08-09 05:53:58', NULL, 0),
(2126, '149', '200', '2000', '2024-08-09 05:54:00', NULL, 0),
(2127, '149', '200', '633', '2024-08-09 05:54:02', NULL, 0),
(2128, '149', '200', '2465', '2024-08-09 05:54:04', NULL, 0),
(2129, '147', '200', '4095', '2024-08-09 05:54:06', NULL, 0),
(2130, '149', '200', '2461', '2024-08-09 05:54:08', NULL, 0),
(2131, '150', '200', '2804', '2024-08-09 05:54:10', NULL, 0),
(2132, '145', '200', '640', '2024-08-09 05:54:12', NULL, 0),
(2133, '136', '200', '2000', '2024-08-09 05:54:14', NULL, 0),
(2134, '149', '200', '2457', '2024-08-09 05:54:16', NULL, 0),
(2135, '148', '200', '2463', '2024-08-09 05:54:18', NULL, 0),
(2136, '148', '200', '2470', '2024-08-09 05:54:20', NULL, 0),
(2137, '148', '200', '2477', '2024-08-09 05:54:22', NULL, 0),
(2138, '148', '200', '3643', '2024-08-09 05:54:25', NULL, 0),
(2139, '150', '64', '655', '2024-08-09 05:54:26', NULL, 0),
(2140, '147', '200', '1936', '2024-08-09 05:54:28', NULL, 0),
(2141, '149', '200', '4095', '2024-08-09 05:54:30', NULL, 0),
(2142, '149', '200', '2467', '2024-08-09 05:54:32', NULL, 0),
(2143, '149', '200', '2473', '2024-08-09 05:54:34', NULL, 0),
(2144, '150', '200', '1927', '2024-08-09 05:54:36', NULL, 0),
(2145, '149', '200', '668', '2024-08-09 05:54:38', NULL, 0),
(2146, '149', '64', '2114', '2024-08-09 05:54:40', NULL, 0),
(2147, '148', '200', '656', '2024-08-09 05:54:42', NULL, 0),
(2148, '148', '200', '676', '2024-08-09 05:54:44', NULL, 0),
(2149, '149', '200', '2477', '2024-08-09 05:54:46', NULL, 0),
(2150, '150', '64', '2475', '2024-08-09 05:54:48', NULL, 0),
(2151, '148', '64', '1779', '2024-08-09 05:54:50', NULL, 0),
(2152, '149', '200', '1984', '2024-08-09 05:54:52', NULL, 0),
(2153, '149', '200', '654', '2024-08-09 05:54:54', NULL, 0),
(2154, '149', '64', '686', '2024-08-09 05:54:56', NULL, 0),
(2155, '149', '200', '1978', '2024-08-09 05:54:59', NULL, 0),
(2156, '149', '200', '4095', '2024-08-09 05:55:01', NULL, 0),
(2157, '150', '200', '4095', '2024-08-09 05:55:03', NULL, 0),
(2158, '150', '200', '2478', '2024-08-09 05:55:06', NULL, 0),
(2159, '150', '200', '4095', '2024-08-09 05:55:08', NULL, 0),
(2160, '150', '200', '4095', '2024-08-09 05:55:08', NULL, 0),
(2161, '148', '64', '3646', '2024-08-09 05:55:11', NULL, 0),
(2162, '150', '200', '1943', '2024-08-09 05:55:12', NULL, 0),
(2163, '149', '200', '661', '2024-08-09 05:55:14', NULL, 0),
(2164, '147', '200', '659', '2024-08-09 05:55:16', NULL, 0),
(2165, '147', '200', '4095', '2024-08-09 05:55:18', NULL, 0),
(2166, '147', '200', '2457', '2024-08-09 05:55:20', NULL, 0),
(2167, '147', '200', '2480', '2024-08-09 05:55:22', NULL, 0),
(2168, '149', '200', '2478', '2024-08-09 05:55:24', NULL, 0),
(2169, '150', '200', '2449', '2024-08-09 05:55:26', NULL, 0),
(2170, '150', '200', '690', '2024-08-09 05:55:28', NULL, 0),
(2171, '150', '200', '645', '2024-08-09 05:55:30', NULL, 0),
(2172, '150', '200', '3874', '2024-08-09 05:55:32', NULL, 0),
(2173, '150', '200', '4095', '2024-08-09 05:55:34', NULL, 0),
(2174, '150', '200', '2469', '2024-08-09 05:55:36', NULL, 0),
(2175, '148', '200', '2481', '2024-08-09 05:55:38', NULL, 0),
(2176, '149', '200', '4095', '2024-08-09 05:55:40', NULL, 0),
(2177, '150', '200', '695', '2024-08-09 05:55:42', NULL, 0),
(2178, '150', '200', '656', '2024-08-09 05:55:45', NULL, 0),
(2179, '150', '200', '647', '2024-08-09 05:55:46', NULL, 0),
(2180, '150', '200', '2465', '2024-08-09 05:55:48', NULL, 0),
(2181, '149', '200', '4095', '2024-08-09 05:55:50', NULL, 0),
(2182, '150', '200', '1852', '2024-08-09 05:55:52', NULL, 0),
(2183, '147', '200', '653', '2024-08-09 05:55:54', NULL, 0),
(2184, '149', '200', '655', '2024-08-09 05:55:56', NULL, 0),
(2185, '147', '200', '2080', '2024-08-09 05:55:59', NULL, 0),
(2186, '150', '200', '655', '2024-08-09 05:56:00', NULL, 0),
(2187, '148', '200', '1935', '2024-08-09 05:56:03', NULL, 0),
(2188, '148', '200', '4095', '2024-08-09 05:56:04', NULL, 0),
(2189, '149', '200', '2473', '2024-08-09 05:56:07', NULL, 0),
(2190, '149', '200', '1922', '2024-08-09 05:56:08', NULL, 0),
(2191, '147', '200', '2029', '2024-08-09 05:56:11', NULL, 0),
(2192, '149', '200', '2097', '2024-08-09 05:56:13', NULL, 0),
(2193, '121', '200', '2367', '2024-08-09 05:56:15', NULL, 0),
(2194, '150', '64', '4084', '2024-08-09 05:56:16', NULL, 0),
(2195, '149', '200', '4095', '2024-08-09 05:56:19', NULL, 0),
(2196, '147', '64', '2472', '2024-08-09 05:56:21', NULL, 0),
(2197, '148', '200', '3434', '2024-08-09 05:56:23', NULL, 0),
(2198, '146', '200', '655', '2024-08-09 05:56:24', NULL, 0),
(2199, '147', '64', '1328', '2024-08-09 05:56:26', NULL, 0),
(2200, '149', '200', '2458', '2024-08-09 05:56:29', NULL, 0),
(2201, '147', '64', '4095', '2024-08-09 05:56:31', NULL, 0),
(2202, '146', '200', '639', '2024-08-09 05:56:32', NULL, 0),
(2203, '147', '64', '660', '2024-08-09 05:56:34', NULL, 0),
(2204, '149', '200', '690', '2024-08-09 05:56:36', NULL, 0),
(2205, '148', '200', '655', '2024-08-09 05:56:39', NULL, 0),
(2206, '149', '200', '2469', '2024-08-09 05:56:41', NULL, 0),
(2207, '144', '200', '4095', '2024-08-09 05:56:43', NULL, 0),
(2208, '143', '64', '4095', '2024-08-09 05:56:45', NULL, 0),
(2209, '144', '57', '2479', '2024-08-09 05:56:47', NULL, 0),
(2210, '146', '64', '646', '2024-08-09 05:56:50', NULL, 0),
(2211, '146', '200', '1295', '2024-08-09 05:56:51', NULL, 0),
(2212, '149', '200', '4095', '2024-08-09 05:56:52', NULL, 0),
(2213, '144', '200', '4095', '2024-08-09 05:56:55', NULL, 0),
(2214, '147', '64', '2334', '2024-08-09 05:56:57', NULL, 0),
(2215, '147', '200', '1932', '2024-08-09 05:56:59', NULL, 0),
(2216, '91', '60', '685', '2024-08-09 05:57:01', NULL, 0),
(2217, '145', '172', '2117', '2024-08-09 05:57:03', NULL, 0),
(2218, '145', '13', '2494', '2024-08-09 05:57:05', NULL, 0),
(2219, '145', '57', '2480', '2024-08-09 05:57:07', NULL, 0),
(2220, '148', '57', '2458', '2024-08-09 05:57:09', NULL, 0),
(2221, '148', '57', '706', '2024-08-09 05:57:11', NULL, 0),
(2222, '142', '13', '1950', '2024-08-09 05:57:13', NULL, 0),
(2223, '148', '64', '685', '2024-08-09 05:57:15', NULL, 0),
(2224, '149', '13', '1834', '2024-08-09 05:57:17', NULL, 0),
(2225, '146', '64', '2480', '2024-08-09 05:57:19', NULL, 0),
(2226, '146', '64', '3008', '2024-08-09 05:57:21', NULL, 0),
(2227, '151', '220', '1962', '2024-08-09 05:57:23', NULL, 0),
(2228, '146', '220', '655', '2024-08-09 05:57:25', NULL, 0),
(2229, '146', '20', '2465', '2024-08-09 05:57:27', NULL, 0),
(2230, '146', '64', '2470', '2024-08-09 05:57:29', NULL, 0),
(2231, '141', '20', '2479', '2024-08-09 05:57:31', NULL, 0),
(2232, '144', '64', '1200', '2024-08-09 05:57:33', NULL, 0),
(2233, '142', '64', '1920', '2024-08-09 05:57:35', NULL, 0),
(2234, '146', '64', '677', '2024-08-09 05:57:37', NULL, 0),
(2235, '142', '200', '767', '2024-08-09 05:57:39', NULL, 0),
(2236, '147', '64', '2473', '2024-08-09 05:57:41', NULL, 0),
(2237, '147', '64', '2453', '2024-08-09 05:57:43', NULL, 0),
(2238, '147', '64', '4095', '2024-08-09 05:57:45', NULL, 0),
(2239, '147', '64', '2475', '2024-08-09 05:57:47', NULL, 0),
(2240, '146', '64', '653', '2024-08-09 05:57:49', NULL, 0),
(2241, '142', '64', '683', '2024-08-09 05:57:51', NULL, 0),
(2242, '147', '64', '4095', '2024-08-09 05:57:53', NULL, 0),
(2243, '141', '20', '4095', '2024-08-09 05:57:55', NULL, 0),
(2244, '141', '64', '3786', '2024-08-09 05:57:57', NULL, 0),
(2245, '146', '64', '925', '2024-08-09 05:57:59', NULL, 0),
(2246, '142', '64', '688', '2024-08-09 05:58:01', NULL, 0),
(2247, '147', '64', '988', '2024-08-09 05:58:03', NULL, 0),
(2248, '145', '64', '4095', '2024-08-09 05:58:05', NULL, 0),
(2249, '142', '64', '4095', '2024-08-09 05:58:07', NULL, 0),
(2250, '141', '64', '2896', '2024-08-09 05:58:09', NULL, 0),
(2251, '144', '64', '2299', '2024-08-09 05:58:11', NULL, 0),
(2252, '143', '64', '689', '2024-08-09 05:58:13', NULL, 0),
(2253, '143', '64', '4095', '2024-08-09 05:58:15', NULL, 0),
(2254, '146', '200', '2463', '2024-08-09 05:58:17', NULL, 0),
(2255, '147', '200', '4095', '2024-08-09 05:58:19', NULL, 0),
(2256, '142', '200', '4095', '2024-08-09 05:58:21', NULL, 0),
(2257, '147', '64', '1940', '2024-08-09 05:58:23', NULL, 0),
(2258, '143', '200', '640', '2024-08-09 05:58:25', NULL, 0),
(2259, '147', '64', '2003', '2024-08-09 05:58:27', NULL, 0),
(2260, '147', '64', '2319', '2024-08-09 05:58:29', NULL, 0),
(2261, '143', '64', '2477', '2024-08-09 05:58:31', NULL, 0),
(2262, '141', '64', '2461', '2024-08-09 05:58:33', NULL, 0),
(2263, '89', '64', '1945', '2024-08-09 05:58:35', NULL, 0),
(2264, '115', '64', '662', '2024-08-09 05:58:37', NULL, 0),
(2265, '146', '64', '1935', '2024-08-09 05:58:39', NULL, 0),
(2266, '144', '200', '2961', '2024-08-09 05:58:41', NULL, 0),
(2267, '146', '64', '2469', '2024-08-09 05:58:43', NULL, 0),
(2268, '145', '64', '2463', '2024-08-09 05:58:45', NULL, 0),
(2269, '142', '64', '656', '2024-08-09 05:58:47', NULL, 0),
(2270, '147', '64', '634', '2024-08-09 05:58:49', NULL, 0),
(2271, '146', '64', '2042', '2024-08-09 05:58:51', NULL, 0),
(2272, '144', '64', '2467', '2024-08-09 05:58:53', NULL, 0),
(2273, '146', '64', '2461', '2024-08-09 05:58:55', NULL, 0),
(2274, '146', '64', '2463', '2024-08-09 05:58:57', NULL, 0),
(2275, '147', '64', '1968', '2024-08-09 05:58:59', NULL, 0),
(2276, '146', '64', '1934', '2024-08-09 05:59:01', NULL, 0),
(2277, '142', '64', '2035', '2024-08-09 05:59:03', NULL, 0),
(2278, '144', '64', '2451', '2024-08-09 05:59:05', NULL, 0),
(2279, '142', '64', '4095', '2024-08-09 05:59:07', NULL, 0),
(2280, '147', '64', '1919', '2024-08-09 05:59:09', NULL, 0),
(2281, '142', '64', '671', '2024-08-09 05:59:11', NULL, 0),
(2282, '144', '64', '1998', '2024-08-09 05:59:13', NULL, 0),
(2283, '144', '64', '912', '2024-08-09 05:59:15', NULL, 0),
(2284, '147', '64', '4095', '2024-08-09 05:59:17', NULL, 0),
(2285, '144', '200', '4095', '2024-08-09 05:59:19', NULL, 0),
(2286, '142', '200', '674', '2024-08-09 05:59:21', NULL, 0),
(2287, '147', '64', '1998', '2024-08-09 05:59:23', NULL, 0),
(2288, '147', '64', '2130', '2024-08-09 05:59:25', NULL, 0),
(2289, '142', '200', '4095', '2024-08-09 05:59:27', NULL, 0),
(2290, '142', '64', '2461', '2024-08-09 05:59:29', NULL, 0),
(2291, '142', '64', '2346', '2024-08-09 05:59:31', NULL, 0),
(2292, '147', '200', '1967', '2024-08-09 05:59:33', NULL, 0),
(2293, '142', '64', '676', '2024-08-09 05:59:35', NULL, 0),
(2294, '146', '64', '4095', '2024-08-09 05:59:37', NULL, 0),
(2295, '142', '64', '4095', '2024-08-09 05:59:40', NULL, 0),
(2296, '146', '64', '4095', '2024-08-09 05:59:41', NULL, 0),
(2297, '146', '64', '4075', '2024-08-09 05:59:43', NULL, 0),
(2298, '147', '64', '1935', '2024-08-09 05:59:45', NULL, 0),
(2299, '146', '64', '682', '2024-08-09 05:59:47', NULL, 0),
(2300, '147', '64', '2475', '2024-08-09 05:59:49', NULL, 0),
(2301, '146', '64', '2473', '2024-08-09 05:59:51', NULL, 0),
(2302, '142', '64', '3778', '2024-08-09 05:59:53', NULL, 0),
(2303, '146', '64', '1928', '2024-08-09 05:59:55', NULL, 0),
(2304, '146', '64', '664', '2024-08-09 05:59:57', NULL, 0),
(2305, '142', '64', '688', '2024-08-09 05:59:59', NULL, 0),
(2306, '147', '64', '2453', '2024-08-09 06:00:01', NULL, 0),
(2307, '147', '200', '2473', '2024-08-09 06:00:03', NULL, 0),
(2308, '146', '64', '3722', '2024-08-09 06:00:05', NULL, 0),
(2309, '146', '64', '1984', '2024-08-09 06:00:07', NULL, 0),
(2310, '146', '64', '654', '2024-08-09 06:00:09', NULL, 0),
(2311, '146', '64', '2116', '2024-08-09 06:00:11', NULL, 0),
(2312, '146', '64', '681', '2024-08-09 06:00:13', NULL, 0),
(2313, '142', '64', '2491', '2024-08-09 06:00:15', NULL, 0),
(2314, '146', '64', '2472', '2024-08-09 06:00:17', NULL, 0),
(2315, '146', '64', '4095', '2024-08-09 06:00:19', NULL, 0),
(2316, '147', '200', '2106', '2024-08-09 06:00:21', NULL, 0),
(2317, '147', '64', '666', '2024-08-09 06:00:23', NULL, 0),
(2318, '146', '64', '642', '2024-08-09 06:00:25', NULL, 0),
(2319, '147', '200', '4095', '2024-08-09 06:00:27', NULL, 0),
(2320, '146', '64', '2475', '2024-08-09 06:00:29', NULL, 0),
(2321, '147', '64', '1424', '2024-08-09 06:00:31', NULL, 0),
(2322, '147', '64', '662', '2024-08-09 06:00:33', NULL, 0),
(2323, '146', '64', '646', '2024-08-09 06:00:35', NULL, 0),
(2324, '142', '64', '674', '2024-08-09 06:00:37', NULL, 0),
(2325, '147', '64', '2473', '2024-08-09 06:00:39', NULL, 0),
(2326, '146', '200', '4095', '2024-08-09 06:00:41', NULL, 0),
(2327, '142', '200', '2318', '2024-08-09 06:00:43', NULL, 0),
(2328, '147', '200', '645', '2024-08-09 06:00:45', NULL, 0),
(2329, '147', '64', '1968', '2024-08-09 06:00:47', NULL, 0),
(2330, '147', '64', '933', '2024-08-09 06:00:49', NULL, 0),
(2331, '142', '64', '4095', '2024-08-09 06:00:51', NULL, 0),
(2332, '146', '64', '4095', '2024-08-09 06:00:53', NULL, 0),
(2333, '147', '64', '2308', '2024-08-09 06:00:55', NULL, 0),
(2334, '147', '64', '672', '2024-08-09 06:00:57', NULL, 0),
(2335, '147', '64', '4095', '2024-08-09 06:00:59', NULL, 0),
(2336, '147', '64', '4095', '2024-08-09 06:01:01', NULL, 0),
(2337, '146', '64', '2122', '2024-08-09 06:01:03', NULL, 0),
(2338, '146', '64', '1933', '2024-08-09 06:01:05', NULL, 0),
(2339, '146', '64', '680', '2024-08-09 06:01:07', NULL, 0),
(2340, '146', '200', '664', '2024-08-09 06:01:09', NULL, 0),
(2341, '146', '64', '2007', '2024-08-09 06:01:12', NULL, 0),
(2342, '146', '64', '4095', '2024-08-09 06:01:13', NULL, 0),
(2343, '146', '64', '2480', '2024-08-09 06:01:15', NULL, 0),
(2344, '146', '200', '4095', '2024-08-09 06:01:17', NULL, 0),
(2345, '142', '64', '659', '2024-08-09 06:01:19', NULL, 0),
(2346, '147', '64', '695', '2024-08-09 06:01:21', NULL, 0),
(2347, '147', '64', '2000', '2024-08-09 06:01:23', NULL, 0),
(2348, '146', '64', '2478', '2024-08-09 06:01:25', NULL, 0),
(2349, '146', '64', '4095', '2024-08-09 06:01:28', NULL, 0),
(2350, '144', '200', '4095', '2024-08-09 06:01:29', NULL, 0),
(2351, '146', '64', '688', '2024-08-09 06:01:31', NULL, 0),
(2352, '146', '64', '650', '2024-08-09 06:01:33', NULL, 0),
(2353, '147', '64', '640', '2024-08-09 06:01:35', NULL, 0),
(2354, '147', '64', '667', '2024-08-09 06:01:37', NULL, 0),
(2355, '147', '64', '2459', '2024-08-09 06:01:39', NULL, 0),
(2356, '146', '64', '2475', '2024-08-09 06:01:41', NULL, 0),
(2357, '146', '64', '1072', '2024-08-09 06:01:43', NULL, 0),
(2358, '146', '64', '675', '2024-08-09 06:01:45', NULL, 0),
(2359, '146', '200', '2458', '2024-08-09 06:01:47', NULL, 0),
(2360, '146', '200', '2475', '2024-08-09 06:01:49', NULL, 0),
(2361, '146', '200', '1589', '2024-08-09 06:01:51', NULL, 0),
(2362, '146', '64', '654', '2024-08-09 06:01:53', NULL, 0),
(2363, '147', '200', '655', '2024-08-09 06:01:56', NULL, 0),
(2364, '146', '64', '695', '2024-08-09 06:01:57', NULL, 0),
(2365, '146', '64', '2459', '2024-08-09 06:01:59', NULL, 0),
(2366, '144', '64', '2514', '2024-08-09 06:02:02', NULL, 0),
(2367, '147', '64', '2480', '2024-08-09 06:02:03', NULL, 0),
(2368, '146', '64', '2478', '2024-08-09 06:02:05', NULL, 0),
(2369, '147', '200', '689', '2024-08-09 06:02:07', NULL, 0),
(2370, '147', '200', '651', '2024-08-09 06:02:09', NULL, 0),
(2371, '146', '64', '637', '2024-08-09 06:02:11', NULL, 0),
(2372, '144', '64', '1863', '2024-08-09 06:02:13', NULL, 0),
(2373, '146', '64', '2464', '2024-08-09 06:02:16', NULL, 0),
(2374, '146', '64', '2475', '2024-08-09 06:02:17', NULL, 0),
(2375, '146', '64', '1930', '2024-08-09 06:02:19', NULL, 0),
(2376, '147', '64', '1968', '2024-08-09 06:02:21', NULL, 0),
(2377, '148', '200', '3038', '2024-08-09 06:02:23', NULL, 0),
(2378, '147', '200', '4095', '2024-08-09 06:02:25', NULL, 0),
(2379, '135', '200', '2475', '2024-08-09 06:02:27', NULL, 0),
(2380, '149', '200', '2476', '2024-08-09 06:02:29', NULL, 0),
(2381, '146', '200', '1983', '2024-08-09 06:02:31', NULL, 0),
(2382, '149', '200', '2004', '2024-08-09 06:02:33', NULL, 0),
(2383, '147', '200', '2095', '2024-08-09 06:02:35', NULL, 0),
(2384, '144', '200', '675', '2024-08-09 06:02:38', NULL, 0),
(2385, '148', '64', '2476', '2024-08-09 06:02:39', NULL, 0),
(2386, '146', '64', '2478', '2024-08-09 06:02:42', NULL, 0),
(2387, '144', '200', '4095', '2024-08-09 06:02:44', NULL, 0),
(2388, '146', '64', '2474', '2024-08-09 06:02:45', NULL, 0),
(2389, '146', '200', '2119', '2024-08-09 06:02:47', NULL, 0),
(2390, '147', '64', '670', '2024-08-09 06:02:49', NULL, 0),
(2391, '146', '200', '1967', '2024-08-09 06:02:51', NULL, 0),
(2392, '148', '200', '641', '2024-08-09 06:02:53', NULL, 0),
(2393, '149', '64', '4095', '2024-08-09 06:02:55', NULL, 0),
(2394, '147', '64', '2469', '2024-08-09 06:02:58', NULL, 0),
(2395, '149', '200', '2480', '2024-08-09 06:03:00', NULL, 0),
(2396, '149', '64', '639', '2024-08-09 06:03:01', NULL, 0),
(2397, '145', '64', '675', '2024-08-09 06:03:03', NULL, 0),
(2398, '147', '200', '2459', '2024-08-09 06:03:05', NULL, 0),
(2399, '148', '200', '4095', '2024-08-09 06:03:07', NULL, 0),
(2400, '150', '200', '2486', '2024-08-09 06:03:09', NULL, 0),
(2401, '147', '64', '2469', '2024-08-09 06:03:11', NULL, 0),
(2402, '149', '200', '694', '2024-08-09 06:03:14', NULL, 0),
(2403, '149', '64', '675', '2024-08-09 06:03:15', NULL, 0),
(2404, '148', '200', '674', '2024-08-09 06:03:18', NULL, 0),
(2405, '148', '64', '1977', '2024-08-09 06:03:20', NULL, 0),
(2406, '147', '64', '3021', '2024-08-09 06:03:21', NULL, 0),
(2407, '147', '64', '4095', '2024-08-09 06:03:23', NULL, 0),
(2408, '147', '64', '2461', '2024-08-09 06:03:25', NULL, 0),
(2409, '142', '200', '1927', '2024-08-09 06:03:28', NULL, 0),
(2410, '144', '64', '650', '2024-08-09 06:03:30', NULL, 0),
(2411, '147', '200', '682', '2024-08-09 06:03:31', NULL, 0),
(2412, '147', '200', '4095', '2024-08-09 06:03:33', NULL, 0),
(2413, '147', '200', '4095', '2024-08-09 06:03:36', NULL, 0),
(2414, '147', '64', '649', '2024-08-09 06:03:38', NULL, 0),
(2415, '147', '200', '678', '2024-08-09 06:03:40', NULL, 0),
(2416, '147', '200', '2073', '2024-08-09 06:03:42', NULL, 0),
(2417, '147', '64', '689', '2024-08-09 06:03:44', NULL, 0),
(2418, '149', '64', '653', '2024-08-09 06:03:46', NULL, 0),
(2419, '149', '200', '629', '2024-08-09 06:03:47', NULL, 0),
(2420, '149', '64', '2467', '2024-08-09 06:03:49', NULL, 0),
(2421, '149', '64', '2453', '2024-08-09 06:03:52', NULL, 0),
(2422, '149', '200', '2480', '2024-08-09 06:03:54', NULL, 0),
(2423, '149', '64', '635', '2024-08-09 06:03:56', NULL, 0),
(2424, '147', '200', '672', '2024-08-09 06:03:58', NULL, 0),
(2425, '147', '64', '1358', '2024-08-09 06:04:00', NULL, 0),
(2426, '147', '200', '2464', '2024-08-09 06:04:02', NULL, 0),
(2427, '149', '200', '2479', '2024-08-09 06:04:04', NULL, 0),
(2428, '149', '64', '4095', '2024-08-09 06:04:06', NULL, 0),
(2429, '149', '64', '2451', '2024-08-09 06:04:07', NULL, 0),
(2430, '150', '200', '688', '2024-08-09 06:04:10', NULL, 0),
(2431, '149', '200', '656', '2024-08-09 06:04:12', NULL, 0),
(2432, '149', '200', '2032', '2024-08-09 06:04:14', NULL, 0),
(2433, '149', '64', '4095', '2024-08-09 06:04:15', NULL, 0),
(2434, '149', '200', '4095', '2024-08-09 06:04:18', NULL, 0),
(2435, '147', '64', '1505', '2024-08-09 06:04:20', NULL, 0),
(2436, '147', '64', '667', '2024-08-09 06:04:22', NULL, 0),
(2437, '145', '200', '1978', '2024-08-09 06:04:24', NULL, 0),
(2438, '148', '200', '692', '2024-08-09 06:04:26', NULL, 0),
(2439, '147', '200', '1970', '2024-08-09 06:04:28', NULL, 0),
(2440, '149', '200', '666', '2024-08-09 06:04:30', NULL, 0),
(2441, '147', '64', '2478', '2024-08-09 06:04:32', NULL, 0),
(2442, '145', '200', '2469', '2024-08-09 06:04:34', NULL, 0),
(2443, '147', '64', '2498', '2024-08-09 06:04:36', NULL, 0),
(2444, '149', '200', '1957', '2024-08-09 06:04:38', NULL, 0),
(2445, '147', '200', '638', '2024-08-09 06:04:40', NULL, 0),
(2446, '149', '200', '667', '2024-08-09 06:04:42', NULL, 0),
(2447, '147', '200', '2451', '2024-08-09 06:04:44', NULL, 0),
(2448, '149', '200', '2476', '2024-08-09 06:04:45', NULL, 0),
(2449, '149', '200', '4086', '2024-08-09 06:04:48', NULL, 0),
(2450, '149', '64', '2475', '2024-08-09 06:04:50', NULL, 0),
(2451, '149', '64', '2354', '2024-08-09 06:04:52', NULL, 0),
(2452, '147', '64', '694', '2024-08-09 06:04:54', NULL, 0),
(2453, '147', '64', '678', '2024-08-09 06:04:56', NULL, 0),
(2454, '147', '64', '631', '2024-08-09 06:04:58', NULL, 0),
(2455, '147', '64', '686', '2024-08-09 06:05:00', NULL, 0),
(2456, '149', '200', '2441', '2024-08-09 06:05:02', NULL, 0),
(2457, '150', '64', '2460', '2024-08-09 06:05:04', NULL, 0),
(2458, '148', '64', '643', '2024-08-09 06:05:06', NULL, 0),
(2459, '150', '64', '679', '2024-08-09 06:05:08', NULL, 0),
(2460, '150', '64', '686', '2024-08-09 06:05:10', NULL, 0),
(2461, '149', '64', '686', '2024-08-09 06:05:12', NULL, 0),
(2462, '149', '200', '1955', '2024-08-09 06:05:14', NULL, 0),
(2463, '150', '200', '2183', '2024-08-09 06:05:16', NULL, 0),
(2464, '149', '64', '4095', '2024-08-09 06:05:18', NULL, 0),
(2465, '150', '200', '2461', '2024-08-09 06:05:20', NULL, 0),
(2466, '149', '64', '2283', '2024-08-09 06:05:22', NULL, 0),
(2467, '150', '64', '1965', '2024-08-09 06:05:24', NULL, 0),
(2468, '150', '64', '657', '2024-08-09 06:05:26', NULL, 0),
(2469, '148', '64', '2113', '2024-08-09 06:05:28', NULL, 0),
(2470, '146', '200', '659', '2024-08-09 06:05:30', NULL, 0),
(2471, '150', '200', '639', '2024-08-09 06:05:32', NULL, 0),
(2472, '149', '200', '2480', '2024-08-09 06:05:34', NULL, 0),
(2473, '150', '64', '4095', '2024-08-09 06:05:36', NULL, 0),
(2474, '148', '200', '4095', '2024-08-09 06:05:38', NULL, 0),
(2475, '148', '200', '2471', '2024-08-09 06:05:40', NULL, 0),
(2476, '150', '64', '3312', '2024-08-09 06:05:42', NULL, 0),
(2477, '149', '64', '1986', '2024-08-09 06:05:44', NULL, 0),
(2478, '149', '200', '656', '2024-08-09 06:05:46', NULL, 0),
(2479, '147', '200', '2471', '2024-08-09 06:05:48', NULL, 0),
(2480, '149', '200', '4080', '2024-08-09 06:05:50', NULL, 0),
(2481, '148', '200', '2471', '2024-08-09 06:05:52', NULL, 0),
(2482, '150', '200', '2462', '2024-08-09 06:05:54', NULL, 0),
(2483, '150', '64', '2461', '2024-08-09 06:05:56', NULL, 0),
(2484, '150', '200', '812', '2024-08-09 06:05:58', NULL, 0),
(2485, '150', '200', '636', '2024-08-09 06:06:00', NULL, 0),
(2486, '144', '200', '2019', '2024-08-09 06:06:02', NULL, 0),
(2487, '150', '200', '2559', '2024-08-09 06:06:04', NULL, 0),
(2488, '150', '200', '4095', '2024-08-09 06:06:06', NULL, 0),
(2489, '150', '200', '2465', '2024-08-09 06:06:08', NULL, 0),
(2490, '150', '64', '2480', '2024-08-09 06:06:10', NULL, 0),
(2491, '149', '200', '2475', '2024-08-09 06:06:12', NULL, 0),
(2492, '144', '200', '4095', '2024-08-09 06:06:14', NULL, 0),
(2493, '149', '64', '2432', '2024-08-09 06:06:16', NULL, 0),
(2494, '149', '200', '669', '2024-08-09 06:06:18', NULL, 0),
(2495, '148', '200', '691', '2024-08-09 06:06:20', NULL, 0),
(2496, '150', '64', '1900', '2024-08-09 06:06:22', NULL, 0),
(2497, '148', '64', '2480', '2024-08-09 06:06:24', NULL, 0),
(2498, '150', '64', '2475', '2024-08-09 06:06:26', NULL, 0),
(2499, '150', '64', '2476', '2024-08-09 06:06:28', NULL, 0),
(2500, '150', '200', '2470', '2024-08-09 06:06:30', NULL, 0),
(2501, '150', '200', '2462', '2024-08-09 06:06:32', NULL, 0),
(2502, '150', '64', '4095', '2024-08-09 06:06:34', NULL, 0),
(2503, '150', '200', '1936', '2024-08-09 06:06:36', NULL, 0),
(2504, '150', '64', '669', '2024-08-09 06:06:38', NULL, 0),
(2505, '150', '200', '2079', '2024-08-09 06:06:40', NULL, 0),
(2506, '150', '200', '2470', '2024-08-09 06:06:42', NULL, 0),
(2507, '150', '200', '2479', '2024-08-09 06:06:44', NULL, 0),
(2508, '150', '200', '2475', '2024-08-09 06:06:46', NULL, 0),
(2509, '149', '200', '2469', '2024-08-09 06:06:48', NULL, 0),
(2510, '148', '200', '4095', '2024-08-09 06:06:50', NULL, 0),
(2511, '148', '200', '2891', '2024-08-09 06:06:52', NULL, 0),
(2512, '150', '200', '1936', '2024-08-09 06:06:54', NULL, 0),
(2513, '150', '200', '673', '2024-08-09 06:06:56', NULL, 0),
(2514, '148', '200', '3901', '2024-08-09 06:06:58', NULL, 0),
(2515, '150', '64', '4095', '2024-08-09 06:07:00', NULL, 0),
(2516, '150', '64', '2471', '2024-08-09 06:07:02', NULL, 0),
(2517, '150', '200', '2479', '2024-08-09 06:07:04', NULL, 0),
(2518, '150', '64', '4095', '2024-08-09 06:07:06', NULL, 0),
(2519, '151', '200', '4095', '2024-08-09 06:07:08', NULL, 0),
(2520, '150', '200', '3307', '2024-08-09 06:07:10', NULL, 0),
(2521, '142', '200', '1956', '2024-08-09 06:07:12', NULL, 0),
(2522, '150', '64', '666', '2024-08-09 06:07:14', NULL, 0),
(2523, '149', '64', '659', '2024-08-09 06:07:16', NULL, 0),
(2524, '150', '200', '4095', '2024-08-09 06:07:18', NULL, 0),
(2525, '151', '200', '4091', '2024-08-09 06:07:20', NULL, 0),
(2526, '152', '64', '2816', '2024-08-09 06:07:22', NULL, 0),
(2527, '153', '200', '4095', '2024-08-09 06:07:24', NULL, 0),
(2528, '152', '200', '2467', '2024-08-09 06:07:26', NULL, 0),
(2529, '150', '200', '2480', '2024-08-09 06:07:28', NULL, 0),
(2530, '151', '200', '3782', '2024-08-09 06:07:30', NULL, 0),
(2531, '127', '200', '668', '2024-08-09 06:07:32', NULL, 0),
(2532, '151', '13', '2002', '2024-08-09 06:07:34', NULL, 0);

-- --------------------------------------------------------

--
-- Table structure for table `users`
--

CREATE TABLE `users` (
  `user_id` int NOT NULL,
  `username` varchar(255) CHARACTER SET utf8mb4 COLLATE utf8mb4_0900_ai_ci NOT NULL,
  `auth_key` varchar(255) CHARACTER SET utf8mb4 COLLATE utf8mb4_0900_ai_ci NOT NULL,
  `password_hash` varchar(255) CHARACTER SET utf8mb4 COLLATE utf8mb4_0900_ai_ci NOT NULL,
  `password_reset_token` varchar(255) DEFAULT NULL,
  `email` varchar(255) CHARACTER SET utf8mb4 COLLATE utf8mb4_0900_ai_ci NOT NULL,
  `phone_number` varchar(255) NOT NULL,
  `verification_token` varchar(255) DEFAULT NULL,
  `age` int DEFAULT NULL,
  `gender` varchar(255) DEFAULT NULL,
  `is_active` tinyint NOT NULL DEFAULT '0',
  `created_at` timestamp NOT NULL DEFAULT CURRENT_TIMESTAMP,
  `updated_at` timestamp NULL DEFAULT NULL ON UPDATE CURRENT_TIMESTAMP,
  `is_delete` tinyint DEFAULT '0'
) ENGINE=InnoDB DEFAULT CHARSET=utf8mb4 COLLATE=utf8mb4_0900_ai_ci;

--
-- Dumping data for table `users`
--

INSERT INTO `users` (`user_id`, `username`, `auth_key`, `password_hash`, `password_reset_token`, `email`, `phone_number`, `verification_token`, `age`, `gender`, `is_active`, `created_at`, `updated_at`, `is_delete`) VALUES
(30, 'admin', 'rlhdAVN1j-f5JN_2p93TmirOPPmw24vz', '$2y$13$DdvMzpM2avFAAPhPR0vL/OllH1juVMo0TEukIKvViLaVoDFfrq3fa', NULL, 'admin@gmail.com', '0127894561', 'aZKZ9Jqxe8bqzk4sEsUdCzJkU8xvmET3_1712504189', NULL, NULL, 10, '2024-04-07 15:36:29', NULL, 0),
(32, 'med', 'BFa_C89Up6P6p6jSZuHR03robTtMrgVU', '$2y$13$t600/9AnIwTZ1Qydb3uglO.SDIgRnahtJaIzq1Q.h8.LWYHnXIN1O', NULL, 'medical@gmail.com', '0123456987', 'aXDeJNuwUw2r9q4Gcno3b3NsScEAWSuD_1712504307', NULL, NULL, 10, '2024-04-07 15:38:27', '2024-08-08 17:45:00', 0),
(33, 'zx', 'O1WV-k5PXK6IZECyscCNQZupWgZI0U3H', '$2y$13$6I88xqIAGKo0NJqJSKEJUeZBCGRTW6vWj.2RJ58I7x2oDxez8SGba', '8tAN8bQsMlDYbEP9jlEagyBIfz6FxTX9_1722421644', 'zxzx@gmail.com', '01679862422', 'iSld5Dj9QKub-DchB7AUpqcWqW6T4h6R_1712509672', 30, 'Male', 10, '2024-04-07 17:07:52', '2024-08-09 05:42:16', 1),
(34, 'er', 'Fe31yDmXMVD_0u5Xm5d52vfWqDfinzrZ', '$2y$13$zkTfEZSBdaKKKfE5Ie0FW.Ud2Ha6BUt0c7G56Ox7rppM64qPC.30e', NULL, 'erer@gmail.com', '0163216511', 'oaM4019WGM9D06fXIwFvebu8bIwvS6A5_1712563006', 30, 'Male', 10, '2024-04-08 07:56:46', '2024-07-13 11:08:25', 0),
(35, 'qw', 'BOetqY2IAQS9vgeiWra22bM-oSiiqGIv', '$2y$13$6IY9zxd.B5ch70hGeVbCD.wuYNf2t7/Q4AGyQ6PCuA2Gf4jsr8Ogy', NULL, 'qw@gmail.com', '0117323430', 'qjEK7tXQPJw-1-O8FEB2IGHxyTZJkkFD_1712647394', 79, 'Male', 10, '2024-04-09 07:23:14', '2024-07-31 08:56:43', 0),
(36, 'df', 'A09M2Ku1A9jfmcYL40Eaec2_4y9PZz0S', '$2y$13$JdM0iTB92IEtl1H/YNxaJ.L1CwDaN7M85hZGpf/AsEtqdBvWX.ZPa', NULL, 'df@gmail.com', '0167986123', 'I6PMuMjQQIIxwgIjujVl2ZW2TG1hv4PQ_1712813470', 64, 'Female', 10, '2024-04-11 05:31:10', '2024-07-25 08:27:40', 0),
(43, 'cv', '8Mf7CTON-FeBkE0krUNIdN1gLq3Nvw-Y', '$2y$13$s8twIJYBKRnU3eQXUaH4V.DWh4H87kBmhqk/KtV68LOW.RWG15ecG', NULL, 'cv@gmail.com', '0167986456', 'OMfbBpQgZBfCn2-5FxC948vt6lu13-l9_1712823567', NULL, '', 10, '2024-04-11 08:19:27', '2024-07-13 10:50:45', 0),
(45, 'ty', 'pgONR62N3ya_4e0Aa1jcjSisI85E4Cqa', '$2y$13$llSz.yhmP4M9echDv.JMeuuaUtcrnzJWGfmn0EzUeRCwGAVqAfQdy', NULL, 'ty@gmail.com', '0178945632', 'D3gBwOEY4lqFcEBvMgU0x2-zeXiMl7Vl_1712824035', NULL, NULL, 10, '2024-04-11 08:27:15', '2024-04-25 16:06:00', 0),
(46, 'gh', '4cdAXbQWGf-DJClxGa_BSJGC9HNU7zzO', '$2y$13$pJC2I7Sc4yesWrm..EOvUu8Dbtjf/D5UdJpHmJMRRsWsjCr9RM9tS', NULL, 'gh@gmail.com', '0137986243', 'wtN6FQYUA1Z2-EeAEus4BmYqfu-W-n3D_1712826226', NULL, NULL, 10, '2024-04-11 09:03:46', '2024-04-25 16:06:28', 0),
(47, 'bn', 'gk9T3E2OGgfjP7YRa_dNKnDJXsA7pU7n', '$2y$13$.0LlKXHS5Rp08jm4RFDl9uWpGTBJtRMyenCegy9FIH.h/Oyc7LZq.', NULL, 'bn@gmail.com', '0178945632', 'ElziYRS3ZEqqmi-26kyqMkhLEuBHbtYF_1712826543', NULL, NULL, 10, '2024-04-11 09:09:03', '2024-04-25 16:06:48', 0),
(50, 'ui', 'HisuiIRJt55dHNHmMJpIExC_N7y3BVjj', '$2y$13$1GA/2oDAxvHLQy54Rct9JOYjpeOXycWOUAC2hOf3hCEm1IiG4XGVq', NULL, 'ui@gmail.com', '01234567890', 'ATTrHSCvR7TsKs6VE7GKE1FyyRM0hquW_1712830109', 22, 'Female', 10, '2024-04-11 10:08:29', '2024-08-08 17:32:52', 0),
(55, 'medtwo', 'Hng7SjOFH0-pQLUzxk0b_0QOWLQY0K20', '$2y$13$I2nGV8btLcM4zspZHvyr5ebY9DMZQ7QI5vVYqNX/VrHSX8HCUmREy', NULL, 'med2@gmail.com', '0167986456', 'AWpWPRaeF53LKY1zdZEBWzKK7yxypTvg_1712834399', NULL, NULL, 10, '2024-04-11 11:19:59', NULL, 0),
(56, 'medthree', 't0JKNhFlUuS9nVKzJgwoiQooNjR94E_q', '$2y$13$XvZBgLDMJckb4JKxar/DSu8yd1dvenA4OzTia.oSdE93SW28JHD2.', NULL, 'med3@gmail.com', '0167986456', 'q7sBUE909QcIIxGpFK5k-vMns41z23_J_1712835444', NULL, NULL, 10, '2024-04-11 11:37:24', NULL, 0),
(57, 'jk', 'npavy7_mlaQ_pNwkxZOT25_ywqNfy0b2', '$2y$13$Q/7Ib7DI2vBsrCDk8AqUhe0XVH75VFNrtOMinT9gHXhBoqz8Q9xe2', NULL, 'jk@gmail.com', '0178945632', 'TTjdFiylBqLvG4qXviIMRFq37vUUurEc_1714060671', NULL, NULL, 10, '2024-04-25 15:57:51', NULL, 0),
(58, 'mn', 'EFPbKHU5AetKa-LpoozblQTQB2ClZKuO', '$2y$13$vJZVpYaUC5KlOx0tLO5iDuFF2uaGQ1BFuzb/oxDBrqGOKteFyIQqC', NULL, 'mnmn@gmail.com', '0123456789', 'yudf55EVkffBeFO_vnVhpG55d6SwKXrR_1714060779', NULL, NULL, 10, '2024-04-25 15:59:39', '2024-04-25 16:00:07', 0),
(59, 'op', 'o9IctS0yxFn-Bld150szZIVMs5KLwIZC', '$2y$13$dn8SBpchMNjdz1Ee7/EgBOFRTLZcu6.KXOzpbBNBe5GbSPB7.kUsa', NULL, 'op@gmail.com', '0167986456', 'ruk1zamfrgzyWxKTzr1oC33OMFIAKVCd_1720627350', NULL, NULL, 10, '2024-07-10 16:02:30', '2024-07-10 16:03:05', 0),
(60, 'kl', 'sxWQZja6E5uIX0oCuOolbAZIywezP235', '$2y$13$pEw4IhZPyfcqcrjf/awDmeIbMUNPdN5r5H79deagC0bzVLaUlScPm', NULL, 'kl@gmail.com', '01173234389', '984uesPhrrQ__SbOtAiZOtbo5Tvr7IUE_1720627583', NULL, NULL, 10, '2024-07-10 16:06:23', '2024-07-25 09:54:48', 0),
(67, 'qq', '1b73PYOuWLB7LpyooYgcz9Pv7a31yR3F', '$2y$13$5zi/g8C.hQeY/cROEZAIHO6DEUWunhMIP210SeMNLWObbfpHaQdha', NULL, 'qq@gmail.com', '01173234867', 'yWmLDNUVZYR6DiL5XB_H6N4EiOYiYTLS_1722274322', 46, 'Male', 10, '2024-07-29 17:32:02', '2024-07-29 18:58:40', 0),
(68, 'medfour', 'U743gTccU7h4XqzBlfoBcvv3XDf9Hj61', '$2y$13$3i/IL9.XeYVQhPNxRrLTwecntpExIAX7CiLX2f0zl9VRunQ/m8cge', NULL, 'med4@gmail.com', '01473234867', 'vSckH5FtMc_rHjzWlizhabVnCDVWoTfO_1722275826', NULL, NULL, 10, '2024-07-29 17:57:06', '2024-07-31 04:50:18', 1),
(69, 'aa', 'gkPZQIzturWxtMJCyhBvKGQ0cAbPU37W', '$2y$13$Ceb4O9np03I6nnG1Z0VX/OIvJ3hdI9ytvUZKAZdaDKWawB42ExlW2', NULL, 'aa@gmail.com', '0167986243', '9oNKnG9NcrScfbcw2n6WtiZS1BBF_utY_1722401284', 20, 'Male', 10, '2024-07-31 04:48:04', '2024-07-31 04:49:02', 0),
(70, 'medfive', 'cDftfw2cwXeTl9FevTQnkMpecrMLv7sE', '$2y$13$FK4YGcc.qRQ08F7RezECs.I7rozn8M6jVNZQ5bvh3HR5XfgLXGBxe', NULL, 'medfive@gmail.com', '01173234899', 'FsM-V8M_8pX68d_Jfe362t7X7h3RKoL8_1722401451', NULL, NULL, 10, '2024-07-31 04:50:51', '2024-07-31 04:56:14', 1),
(71, 'zz', 'Lt5Vx0q8frHU-FGqRNz3ZWvbt_Zeec-Y', '$2y$13$Qx.7Rat8IWPkiV/CfQ1K.ukwUtMomMtkygc/dFqun3nL39hTKIFeS', NULL, 'zz@gmail.com', '0167986243', '9Tnf_T___TASy9VvdtIOi4AA7a81m8-D_1722401677', NULL, NULL, 10, '2024-07-31 04:54:37', '2024-07-31 04:55:20', 0),
(72, 'medsix', 'L7SzSmObdjqfFuNSJJIrWBbpx1xrXa_3', '$2y$13$qMaSLp1Lt6f1QsIiJc58lO/dlSy3iIyrm86P1bOTyXGTS.v.49E3C', NULL, 'medsix@gmail.com', '0178945632', 'UmPTMOsI_3Gmr40ZZkS6AOCqP0yVQ-Yh_1722401801', NULL, NULL, 10, '2024-07-31 04:56:41', '2024-08-08 17:34:19', 0),
(73, 'nathan', 'mAjczZi4rhqq5VDo9R_0rq7aK5t7qXbC', '$2y$13$EnxohvoMf/perMr2qwL/P.Zopa1boLkwh/dQN2ZZug/FMiUb3dw0S', NULL, 'nathanmed@gmail.com', '01234567811', '8ysVdQKNpR5Szhnu241i8n3vb1OUJCVR_1723181402', 30, 'Male', 10, '2024-08-09 05:30:02', '2024-08-09 05:38:46', 0),
(74, 'nathanmedical', '76t2vJ22jNvHJxRXRdrD8qwzbOKtTSjq', '$2y$13$ToMGI8xz6KKcCjPpBWZqBOyH9XvrSJcfBELNCjxWpVq1poZjQFC1y', NULL, 'nathanmedical@gmail.com', '01234567811', 'Lzx7PhrVtqPQY2-3nR8f6_j4N25V-kgs_1723182384', NULL, NULL, 10, '2024-08-09 05:46:24', NULL, 0);

--
-- Indexes for dumped tables
--

--
-- Indexes for table `auth_assignment`
--
ALTER TABLE `auth_assignment`
  ADD PRIMARY KEY (`item_name`,`user_id`),
  ADD KEY `idx-auth_assignment-user_id` (`user_id`);

--
-- Indexes for table `auth_item`
--
ALTER TABLE `auth_item`
  ADD PRIMARY KEY (`name`),
  ADD KEY `rule_name` (`rule_name`),
  ADD KEY `idx-auth_item-type` (`type`);

--
-- Indexes for table `auth_item_child`
--
ALTER TABLE `auth_item_child`
  ADD PRIMARY KEY (`parent`,`child`),
  ADD KEY `child` (`child`);

--
-- Indexes for table `auth_rule`
--
ALTER TABLE `auth_rule`
  ADD PRIMARY KEY (`name`);

--
-- Indexes for table `health_records`
--
ALTER TABLE `health_records`
  ADD PRIMARY KEY (`health_record_id`),
  ADD KEY `user_id` (`user_id`);

--
-- Indexes for table `raw_health_records`
--
ALTER TABLE `raw_health_records`
  ADD PRIMARY KEY (`health_record_id`);

--
-- Indexes for table `users`
--
ALTER TABLE `users`
  ADD PRIMARY KEY (`user_id`);

--
-- AUTO_INCREMENT for dumped tables
--

--
-- AUTO_INCREMENT for table `health_records`
--
ALTER TABLE `health_records`
  MODIFY `health_record_id` int NOT NULL AUTO_INCREMENT, AUTO_INCREMENT=32;

--
-- AUTO_INCREMENT for table `raw_health_records`
--
ALTER TABLE `raw_health_records`
  MODIFY `health_record_id` int NOT NULL AUTO_INCREMENT, AUTO_INCREMENT=2533;

--
-- AUTO_INCREMENT for table `users`
--
ALTER TABLE `users`
  MODIFY `user_id` int NOT NULL AUTO_INCREMENT, AUTO_INCREMENT=75;

--
-- Constraints for dumped tables
--

--
-- Constraints for table `auth_assignment`
--
ALTER TABLE `auth_assignment`
  ADD CONSTRAINT `auth_assignment_ibfk_1` FOREIGN KEY (`item_name`) REFERENCES `auth_item` (`name`) ON DELETE CASCADE ON UPDATE CASCADE;

--
-- Constraints for table `auth_item_child`
--
ALTER TABLE `auth_item_child`
  ADD CONSTRAINT `auth_item_child_ibfk_1` FOREIGN KEY (`parent`) REFERENCES `auth_item` (`name`) ON DELETE CASCADE ON UPDATE CASCADE,
  ADD CONSTRAINT `auth_item_child_ibfk_2` FOREIGN KEY (`child`) REFERENCES `auth_item` (`name`) ON DELETE CASCADE ON UPDATE CASCADE;

--
-- Constraints for table `health_records`
--
ALTER TABLE `health_records`
  ADD CONSTRAINT `health_records_ibfk_1` FOREIGN KEY (`user_id`) REFERENCES `users` (`user_id`);
COMMIT;

/*!40101 SET CHARACTER_SET_CLIENT=@OLD_CHARACTER_SET_CLIENT */;
/*!40101 SET CHARACTER_SET_RESULTS=@OLD_CHARACTER_SET_RESULTS */;
/*!40101 SET COLLATION_CONNECTION=@OLD_COLLATION_CONNECTION */;
